Actual,Predicted,Residual,Absolute_Error,Relative_Error_%,Yield_Band
0.01,0.0104499698590602,-0.00044996985906019943,0.00044996985906019943,4.499698590601994,Very Low
0.01,0.0102022442640338,-0.00020224426403379903,0.00020224426403379903,2.0224426403379905,Very Low
0.01,0.0099999999999998,1.9949319973733282e-16,1.9949319973733282e-16,1.994931997373328e-12,Very Low
0.01,0.0100132399151403,-1.3239915140300304e-05,1.3239915140300304e-05,0.13239915140300304,Very Low
0.01,0.0099999999999998,1.9949319973733282e-16,1.9949319973733282e-16,1.994931997373328e-12,Very Low
0.01,0.0100169794114773,-1.697941147730045e-05,1.697941147730045e-05,0.1697941147730045,Very Low
0.01,0.0100201618029092,-2.0161802909200374e-05,2.0161802909200374e-05,0.20161802909200374,Very Low
0.01,0.0099999999999998,1.9949319973733282e-16,1.9949319973733282e-16,1.994931997373328e-12,Very Low
0.01,0.0137561501802708,-0.0037561501802708,0.0037561501802708,37.561501802707994,Very Low
0.01,0.0100134351128743,-1.3435112874299326e-05,1.3435112874299326e-05,0.13435112874299326,Very Low
0.01,0.0099999999999998,1.9949319973733282e-16,1.9949319973733282e-16,1.994931997373328e-12,Very Low
0.01,0.0099999999999998,1.9949319973733282e-16,1.9949319973733282e-16,1.994931997373328e-12,Very Low
0.01,0.0100260785851505,-2.6078585150499795e-05,2.6078585150499795e-05,0.26078585150499795,Very Low
0.01,0.0100042616814931,-4.261681493099995e-06,4.261681493099995e-06,0.04261681493099995,Very Low
0.0149239735823005,0.0177666169721234,-0.002842643389822902,0.002842643389822902,19.047496795318732,Very Low
0.01,0.0099999999999998,1.9949319973733282e-16,1.9949319973733282e-16,1.994931997373328e-12,Very Low
0.01,0.0099999999999998,1.9949319973733282e-16,1.9949319973733282e-16,1.994931997373328e-12,Very Low
0.01,0.010042599386164,-4.259938616399915e-05,4.259938616399915e-05,0.42599386163999153,Very Low
0.01,0.0099999999999998,1.9949319973733282e-16,1.9949319973733282e-16,1.994931997373328e-12,Very Low
0.01,0.0100287718026004,-2.8771802600399687e-05,2.8771802600399687e-05,0.2877180260039969,Very Low
0.01,0.01105398714233,-0.0010539871423299995,0.0010539871423299995,10.539871423299994,Very Low
0.01,0.0100028278685258,-2.8278685258002756e-06,2.8278685258002756e-06,0.028278685258002756,Very Low
0.01,0.0100015273167528,-1.5273167528005033e-06,1.5273167528005033e-06,0.015273167528005033,Very Low
0.0115114375239323,0.0148671188408674,-0.0033556813169351007,0.0033556813169351007,29.15084506134558,Very Low
0.0270290619891851,0.025211768389496,0.001817293599689098,0.001817293599689098,6.7234800838306406,Low
0.01,0.0101027514026238,-0.0001027514026238005,0.0001027514026238005,1.0275140262380051,Very Low
0.0230555416986807,0.0193246523811156,0.0037308893175651003,0.0037308893175651003,16.182180259848728,Low
0.01,0.0099999999999998,1.9949319973733282e-16,1.9949319973733282e-16,1.994931997373328e-12,Very Low
0.0394339168388668,0.0405014225697093,-0.001067505730842501,0.001067505730842501,2.707075067395657,Medium
0.01,0.0111889234645562,-0.0011889234645562005,0.0011889234645562005,11.889234645562006,Very Low
0.01,0.0100060516541539,-6.0516541538994245e-06,6.0516541538994245e-06,0.060516541538994245,Very Low
0.0452390729028082,0.0436340937815087,0.0016049791212995046,0.0016049791212995046,3.547771911125694,Medium
0.01,0.0099999999999998,1.9949319973733282e-16,1.9949319973733282e-16,1.994931997373328e-12,Very Low
0.0139526186956277,0.01602296775645,-0.0020703490608222994,0.0020703490608222994,14.83842643439457,Very Low
0.0195002725744231,0.0171563287670905,0.0023439438073325977,0.0023439438073325977,12.020056634526,Very Low
0.0233956316516759,0.0214605298611276,0.001935101790548302,0.001935101790548302,8.271209853868958,Low
0.01,0.0099999999999998,1.9949319973733282e-16,1.9949319973733282e-16,1.994931997373328e-12,Very Low
0.01,0.0100215923981706,-2.1592398170599755e-05,2.1592398170599755e-05,0.21592398170599755,Very Low
0.0233779429317745,0.0210584716641119,0.0023194712676626004,0.0023194712676626004,9.92162259285035,Low
0.01,0.0099999999999998,1.9949319973733282e-16,1.9949319973733282e-16,1.994931997373328e-12,Very Low
0.0132242788850556,0.0157098251670022,-0.0024855462819465997,0.0024855462819465997,18.795325654810927,Very Low
0.0174114621397104,0.0151065989516469,0.002304863188063498,0.002304863188063498,13.237619963040245,Very Low
0.01,0.0116352258895998,-0.0016352258895998006,0.0016352258895998006,16.352258895998006,Very Low
0.0454987174342115,0.0438396010229734,0.0016591164112381013,0.0016591164112381013,3.6465124838674563,Medium
0.01,0.0101214876365646,-0.00012148763656459963,0.00012148763656459963,1.2148763656459962,Very Low
0.0355625144049439,0.0348875836736327,0.0006749307313112032,0.0006749307313112032,1.8978712349354419,Medium
0.01,0.0099999999999998,1.9949319973733282e-16,1.9949319973733282e-16,1.994931997373328e-12,Very Low
0.01,0.0100102397262417,-1.0239726241699151e-05,1.0239726241699151e-05,0.10239726241699151,Very Low
0.01,0.0105007870505649,-0.0005007870505649003,0.0005007870505649003,5.007870505649003,Very Low
0.0242461521802522,0.0197906349856897,0.004455517194562497,0.004455517194562497,18.376182585339826,Low
0.01,0.0100393658913586,-3.936589135859932e-05,3.936589135859932e-05,0.39365891358599314,Very Low
0.01,0.0100881006502001,-8.81006502000993e-05,8.81006502000993e-05,0.881006502000993,Very Low
0.01,0.0100242766367092,-2.4276636709199412e-05,2.4276636709199412e-05,0.24276636709199412,Very Low
0.01,0.0100101416599376,-1.0141659937599329e-05,1.0141659937599329e-05,0.10141659937599329,Very Low
0.0126902363409679,0.0148527384426393,-0.002162502101671399,0.002162502101671399,17.040676340204882,Very Low
0.01,0.010010953859337,-1.0953859337000174e-05,1.0953859337000174e-05,0.10953859337000174,Very Low
0.0251488712620146,0.0204928961840823,0.004655975077932299,0.004655975077932299,18.513654268709804,Low
0.01,0.0099999999999998,1.9949319973733282e-16,1.9949319973733282e-16,1.994931997373328e-12,Very Low
0.01,0.0101436061629205,-0.00014360616292049926,0.00014360616292049926,1.4360616292049926,Very Low
0.01,0.0104580018099924,-0.0004580018099923991,0.0004580018099923991,4.580018099923991,Very Low
0.01,0.0099999999999998,1.9949319973733282e-16,1.9949319973733282e-16,1.994931997373328e-12,Very Low
0.0163620391666836,0.0156819345938232,0.0006801045728603988,0.0006801045728603988,4.156600323052817,Very Low
0.0391931420886636,0.036777674114504,0.0024154679741595977,0.0024154679741595977,6.162986291569256,Medium
0.01,0.0101215108335093,-0.0001215108335092998,0.0001215108335092998,1.2151083350929979,Very Low
0.01,0.0101276383243923,-0.00012763832439230058,0.00012763832439230058,1.2763832439230058,Very Low
0.01,0.0100294260647603,-2.9426064760300352e-05,2.9426064760300352e-05,0.2942606476030035,Very Low
0.01,0.0123561026328623,-0.0023561026328622996,0.0023561026328622996,23.561026328622994,Very Low
0.0155804840236599,0.0147330219607577,0.000847462062902201,0.000847462062902201,5.439253758838807,Very Low
0.0232869701997269,0.023286934379885,3.581984189815479e-08,3.581984189815479e-08,0.00015381924565942406,Low
0.0488772611048464,0.0426899009211702,0.006187360183676202,0.006187360183676202,12.6589748357702,High
0.01,0.0100301479515146,-3.0147951514599217e-05,3.0147951514599217e-05,0.30147951514599214,Very Low
0.01,0.0110029604677674,-0.0010029604677674001,0.0010029604677674001,10.029604677674001,Very Low
0.01,0.0109523166422893,-0.0009523166422892998,0.0009523166422892998,9.523166422892999,Very Low
0.0137429898157118,0.0118396605602618,0.0019033292554500002,0.0019033292554500002,13.849455474921484,Very Low
0.01,0.0106409918906402,-0.0006409918906401992,0.0006409918906401992,6.409918906401992,Very Low
0.01,0.010058446312591,-5.844631259100015e-05,5.844631259100015e-05,0.5844631259100015,Very Low
0.0142305213778611,0.0152634544466228,-0.001032933068761701,0.001032933068761701,7.258575011655369,Very Low
0.01,0.0099999999999998,1.9949319973733282e-16,1.9949319973733282e-16,1.994931997373328e-12,Very Low
0.01,0.0099999999999998,1.9949319973733282e-16,1.9949319973733282e-16,1.994931997373328e-12,Very Low
0.0146122585208256,0.0146896406448571,-7.738212403150119e-05,7.738212403150119e-05,0.5295699081782265,Very Low
0.01,0.0100173319605953,-1.7331960595300122e-05,1.7331960595300122e-05,0.17331960595300122,Very Low
0.01,0.0100611951501475,-6.119515014750034e-05,6.119515014750034e-05,0.6119515014750033,Very Low
0.0211748949456921,0.0227670513750846,-0.001592156429392498,0.001592156429392498,7.519075931549839,Very Low
0.0169322952391941,0.0156925036931564,0.0012397915460376982,0.0012397915460376982,7.322052495091662,Very Low
0.01,0.013517903785428,-0.0035179037854279997,0.0035179037854279997,35.17903785428,Very Low
0.01,0.0101309130715354,-0.000130913071535399,0.000130913071535399,1.30913071535399,Very Low
0.01,0.0099999999999998,1.9949319973733282e-16,1.9949319973733282e-16,1.994931997373328e-12,Very Low
0.0198453887255067,0.0212892145117729,-0.0014438257862662007,0.0014438257862662007,7.275371655534737,Very Low
0.01,0.0100127554608759,-1.2755460875899655e-05,1.2755460875899655e-05,0.12755460875899655,Very Low
0.01,0.0099999999999998,1.9949319973733282e-16,1.9949319973733282e-16,1.994931997373328e-12,Very Low
0.01,0.0100835706741408,-8.35706741408003e-05,8.35706741408003e-05,0.835706741408003,Very Low
0.0133349479983283,0.0133909374494253,-5.5989451096999376e-05,5.5989451096999376e-05,0.4198700370186546,Very Low
0.01,0.0100391442413647,-3.914424136470043e-05,3.914424136470043e-05,0.39144241364700433,Very Low
0.01,0.0102934445671741,-0.0002934445671740997,0.0002934445671740997,2.934445671740997,Very Low
0.01,0.0102641711120972,-0.0002641711120972001,0.0002641711120972001,2.6417111209720012,Very Low
0.0168419849504199,0.0143550145976512,0.0024869703527686995,0.0024869703527686995,14.76649195501564,Very Low
0.0157138643228497,0.0156235089460918,9.035537675789948e-05,9.035537675789948e-05,0.5750041803944607,Very Low
0.0191116932079929,0.0199153855993079,-0.0008036923913149994,0.0008036923913149994,4.20523907834016,Very Low
0.0330233730647466,0.0342826640897932,-0.0012592910250465994,0.0012592910250465994,3.813332522324707,Low
0.0112998235331735,0.0126397700052235,-0.0013399464720499996,0.0013399464720499996,11.858118563677094,Very Low
0.01,0.0100053093078958,-5.309307895799351e-06,5.309307895799351e-06,0.053093078957993506,Very Low
0.01,0.0121240348514359,-0.0021240348514358996,0.0021240348514358996,21.240348514358995,Very Low
0.01,0.0099999999999998,1.9949319973733282e-16,1.9949319973733282e-16,1.994931997373328e-12,Very Low
0.0119938136015882,0.0119042496838922,8.956391769599989e-05,8.956391769599989e-05,0.746750955710534,Very Low
0.01,0.0099999999999998,1.9949319973733282e-16,1.9949319973733282e-16,1.994931997373328e-12,Very Low
0.0464129947469824,0.0393460257671989,0.007066968979783497,0.007066968979783497,15.22627233667779,Medium
0.0163727385041102,0.0127324309726602,0.003640307531449999,0.003640307531449999,22.233956344787035,Very Low
0.01,0.0100006405375312,-6.405375311997752e-07,6.405375311997752e-07,0.006405375311997752,Very Low
0.01,0.0099999999999998,1.9949319973733282e-16,1.9949319973733282e-16,1.994931997373328e-12,Very Low
0.01,0.0100039781396735,-3.978139673500164e-06,3.978139673500164e-06,0.03978139673500164,Very Low
0.01,0.0099999999999998,1.9949319973733282e-16,1.9949319973733282e-16,1.994931997373328e-12,Very Low
0.0376335852816376,0.0333663660801101,0.004267219201527499,0.004267219201527499,11.3388590791789,Medium
0.01,0.0101879924762652,-0.00018799247626520056,0.00018799247626520056,1.8799247626520057,Very Low
0.01,0.0104232108118242,-0.00042321081182420013,0.00042321081182420013,4.232108118242001,Very Low
0.01,0.0102048748426176,-0.00020487484261759968,0.00020487484261759968,2.048748426175997,Very Low
0.01,0.0099999999999998,1.9949319973733282e-16,1.9949319973733282e-16,1.994931997373328e-12,Very Low
0.01,0.0101564927595229,-0.00015649275952290057,0.00015649275952290057,1.5649275952290056,Very Low
0.0268794398399097,0.0276013880343642,-0.0007219481944545011,0.0007219481944545011,2.6858751475266103,Low
0.01,0.010121159043634,-0.00012115904363400008,0.00012115904363400008,1.2115904363400007,Very Low
0.01,0.0100945263845276,-9.452638452760002e-05,9.452638452760002e-05,0.9452638452760003,Very Low
0.0388848520110061,0.0386598602660939,0.00022499174491220214,0.00022499174491220214,0.5786102640908076,Medium
0.01,0.0100318557495902,-3.185574959019971e-05,3.185574959019971e-05,0.3185574959019971,Very Low
0.01,0.0099999999999998,1.9949319973733282e-16,1.9949319973733282e-16,1.994931997373328e-12,Very Low
0.01,0.0102130540850395,-0.00021305408503950046,0.00021305408503950046,2.1305408503950045,Very Low
0.01,0.0099999999999998,1.9949319973733282e-16,1.9949319973733282e-16,1.994931997373328e-12,Very Low
0.01,0.0100872949339633,-8.729493396329897e-05,8.729493396329897e-05,0.8729493396329897,Very Low
0.01,0.0100742102582135,-7.42102582134991e-05,7.42102582134991e-05,0.7421025821349909,Very Low
0.0191605756761033,0.0171291208060695,0.0020314548700338005,0.0020314548700338005,10.602264276262805,Very Low
0.0238289918042142,0.0256540075620468,-0.0018250157578326015,0.0018250157578326015,7.658803917628795,Low
0.01,0.0099999999999998,1.9949319973733282e-16,1.9949319973733282e-16,1.994931997373328e-12,Very Low
0.0221596052341677,0.0206318922140446,0.001527713020123101,0.001527713020123101,6.894134638136666,Very Low
0.01,0.0102661264225916,-0.0002661264225915991,0.0002661264225915991,2.661264225915991,Very Low
0.01,0.0100141294395167,-1.4129439516698955e-05,1.4129439516698955e-05,0.14129439516698955,Very Low
0.01,0.0099999999999998,1.9949319973733282e-16,1.9949319973733282e-16,1.994931997373328e-12,Very Low
0.01,0.0099999999999998,1.9949319973733282e-16,1.9949319973733282e-16,1.994931997373328e-12,Very Low
0.0201961931737229,0.0200574664634851,0.00013872671023779787,0.00013872671023779787,0.6868953423276524,Very Low
0.01,0.0100072698570484,-7.269857048399983e-06,7.269857048399983e-06,0.07269857048399983,Very Low
0.01,0.0100043869151585,-4.386915158499649e-06,4.386915158499649e-06,0.04386915158499649,Very Low
0.0100667792032127,0.0112071538846814,-0.0011403746814687005,0.0011403746814687005,11.328098674348224,Very Low
0.0146291609406571,0.0141195174591404,0.0005096434815167004,0.0005096434815167004,3.4837505963879885,Very Low
0.0152196420068909,0.0148528360197673,0.00036680598712359944,0.00036680598712359944,2.4100828847191216,Very Low
0.01,0.0112078300148414,-0.001207830014841399,0.001207830014841399,12.07830014841399,Very Low
0.0327224454130505,0.0329945678533061,-0.00027212244025560245,0.00027212244025560245,0.8316078973335944,Low
0.01,0.0100010026322295,-1.0026322294996032e-06,1.0026322294996032e-06,0.010026322294996032,Very Low
0.02656947874238,0.0259090460766988,0.0006604326656811967,0.0006604326656811967,2.485681680415374,Low
0.0114082849659586,0.0139992656200898,-0.0025909806541311985,0.0025909806541311985,22.71139493677161,Very Low
0.0322198331505621,0.0278209380070447,0.004398895143517399,0.004398895143517399,13.652755813357329,Low
0.01,0.0100755869709614,-7.558697096140057e-05,7.558697096140057e-05,0.7558697096140057,Very Low
0.01,0.0099999999999998,1.9949319973733282e-16,1.9949319973733282e-16,1.994931997373328e-12,Very Low
0.01,0.010091071773926,-9.107177392599954e-05,9.107177392599954e-05,0.9107177392599953,Very Low
0.0144179932732363,0.0147426477497001,-0.0003246544764637996,0.0003246544764637996,2.251731363104782,Very Low
0.01,0.0102027706660195,-0.00020277066601949965,0.00020277066601949965,2.0277066601949967,Very Low
0.0257639028880571,0.0253031873250774,0.000460715562979698,0.000460715562979698,1.7882211595870574,Low
0.01,0.0103715078252884,-0.0003715078252884002,0.0003715078252884002,3.715078252884002,Very Low
0.0196327492797099,0.017749015070416,0.0018837342092938997,0.0018837342092938997,9.594856952819674,Very Low
0.0553099459108418,0.0477884425649785,0.007521503345863295,0.007521503345863295,13.598826073682597,High
0.01,0.0120704223726348,-0.0020704223726348003,0.0020704223726348003,20.704223726348005,Very Low
0.01,0.0111588150611442,-0.0011588150611441996,0.0011588150611441996,11.588150611441996,Very Low
0.0216136359841278,0.0231839067071074,-0.0015702707229796019,0.0015702707229796019,7.265185386358625,Very Low
0.01,0.0100182777251411,-1.8277725141100515e-05,1.8277725141100515e-05,0.18277725141100515,Very Low
0.01,0.0099999999999998,1.9949319973733282e-16,1.9949319973733282e-16,1.994931997373328e-12,Very Low
0.01,0.0100183747617241,-1.8374761724100283e-05,1.8374761724100283e-05,0.18374761724100283,Very Low
0.01,0.0099999999999998,1.9949319973733282e-16,1.9949319973733282e-16,1.994931997373328e-12,Very Low
0.01,0.0100445762912059,-4.457629120589897e-05,4.457629120589897e-05,0.44576291205898966,Very Low
0.01,0.0104409198818428,-0.00044091988184279986,0.00044091988184279986,4.409198818427998,Very Low
0.0171696192298601,0.0176726495196028,-0.0005030302897427001,0.0005030302897427001,2.9297696297648113,Very Low
0.01,0.0101418658103047,-0.00014186581030469977,0.00014186581030469977,1.4186581030469978,Very Low
0.01,0.0101868940420291,-0.00018689404202910063,0.00018689404202910063,1.8689404202910063,Very Low
0.01,0.0101570501312929,-0.00015705013129289902,0.00015705013129289902,1.5705013129289902,Very Low
0.01,0.010035349378769,-3.5349378768999296e-05,3.5349378768999296e-05,0.35349378768999296,Very Low
0.01,0.0101808281097698,-0.00018082810976980009,0.00018082810976980009,1.8082810976980008,Very Low
0.01,0.010002096639721,-2.0966397210001736e-06,2.0966397210001736e-06,0.020966397210001736,Very Low
0.0184922215086025,0.0184331740021439,5.9047506458600324e-05,5.9047506458600324e-05,0.31930996733481526,Very Low
0.0244175302274351,0.0220816384786858,0.0023358917487492983,0.0023358917487492983,9.566453801804789,Low
0.01,0.010000533781276,-5.337812759992344e-07,5.337812759992344e-07,0.005337812759992344,Very Low
0.01,0.0099999999999998,1.9949319973733282e-16,1.9949319973733282e-16,1.994931997373328e-12,Very Low
0.0307718569782903,0.0272905678729866,0.0034812891053036983,0.0034812891053036983,11.313223988268778,Low
0.0104177866078448,0.0103772129855724,4.057362227240062e-05,4.057362227240062e-05,0.3894649007481865,Very Low
0.0131677477831166,0.0125783863902285,0.0005893613928881006,0.0005893613928881006,4.4757949696133075,Very Low
0.01,0.0099999999999998,1.9949319973733282e-16,1.9949319973733282e-16,1.994931997373328e-12,Very Low
0.01,0.010912359294399,-0.0009123592943989997,0.0009123592943989997,9.123592943989998,Very Low
0.01,0.0107518052536893,-0.0007518052536893,0.0007518052536893,7.518052536892999,Very Low
0.01,0.0099999999999998,1.9949319973733282e-16,1.9949319973733282e-16,1.994931997373328e-12,Very Low
0.01,0.0129750170775106,-0.0029750170775106003,0.0029750170775106003,29.750170775106007,Very Low
0.0265546413194253,0.0238658309579663,0.002688810361458998,0.002688810361458998,10.125575898824415,Low
0.01,0.0099999999999998,1.9949319973733282e-16,1.9949319973733282e-16,1.994931997373328e-12,Very Low
0.0321956878271719,0.0294033007751739,0.002792387051998,0.002792387051998,8.67317097552839,Low
0.01,0.0099999999999998,1.9949319973733282e-16,1.9949319973733282e-16,1.994931997373328e-12,Very Low
0.0172971049458061,0.0141587333316027,0.003138371614203401,0.003138371614203401,18.143912660738863,Very Low
0.01,0.0133953332852485,-0.0033953332852485005,0.0033953332852485005,33.953332852485005,Very Low
0.01,0.0101723840874414,-0.000172384087441399,0.000172384087441399,1.72384087441399,Very Low
0.01,0.0103946932782561,-0.00039469327825610023,0.00039469327825610023,3.946932782561002,Very Low
0.01,0.0099999999999998,1.9949319973733282e-16,1.9949319973733282e-16,1.994931997373328e-12,Very Low
0.01,0.0109506003383531,-0.0009506003383531001,0.0009506003383531001,9.506003383531,Very Low
0.01,0.0101152129008901,-0.00011521290089010032,0.00011521290089010032,1.1521290089010032,Very Low
0.01,0.0112101762752802,-0.0012101762752802,0.0012101762752802,12.101762752802,Very Low
0.01,0.0100177790756849,-1.7779075684900073e-05,1.7779075684900073e-05,0.17779075684900073,Very Low
0.0111237420571799,0.0121259038693661,-0.0010021618121862,0.0010021618121862,9.009214768148523,Very Low
0.01,0.0099999999999998,1.9949319973733282e-16,1.9949319973733282e-16,1.994931997373328e-12,Very Low
0.0178292824740227,0.0174672750981821,0.0003620073758406027,0.0003620073758406027,2.0304091113484133,Very Low
0.0187042965587185,0.019854091145015,-0.0011497945862965,0.0011497945862965,6.147221750291135,Very Low
0.01,0.012126834471068,-0.002126834471068,0.002126834471068,21.268344710679997,Very Low
0.0169195549677877,0.0147358974634622,0.0021836575043255,0.0021836575043255,12.906116670815852,Very Low
0.01,0.0099999999999998,1.9949319973733282e-16,1.9949319973733282e-16,1.994931997373328e-12,Very Low
0.01,0.0099999999999998,1.9949319973733282e-16,1.9949319973733282e-16,1.994931997373328e-12,Very Low
0.01,0.0099999999999998,1.9949319973733282e-16,1.9949319973733282e-16,1.994931997373328e-12,Very Low
0.01,0.0105503093692593,-0.000550309369259299,0.000550309369259299,5.503093692592991,Very Low
0.0144559047534542,0.0127917061402208,0.0016641986132334002,0.0016641986132334002,11.512241133407747,Very Low
0.01,0.0102635023799367,-0.00026350237993669895,0.00026350237993669895,2.6350237993669894,Very Low
0.0202851757268887,0.0199006218225686,0.0003845539043201007,0.0003845539043201007,1.8957385900796573,Very Low
0.01,0.0099999999999998,1.9949319973733282e-16,1.9949319973733282e-16,1.994931997373328e-12,Very Low
0.01,0.0100014205604975,-1.4205604974993485e-06,1.4205604974993485e-06,0.014205604974993485,Very Low
0.01,0.0100903288441019,-9.032884410190012e-05,9.032884410190012e-05,0.9032884410190012,Very Low
0.01,0.0101267175655708,-0.0001267175655708004,0.0001267175655708004,1.267175655708004,Very Low
0.0108522214530316,0.0128366929805923,-0.0019844715275607,0.0019844715275607,18.286316180972623,Very Low
0.0147307945220372,0.0146556287186376,7.516580339960062e-05,7.516580339960062e-05,0.5102630634563052,Very Low
0.01,0.0099999999999998,1.9949319973733282e-16,1.9949319973733282e-16,1.994931997373328e-12,Very Low
0.01,0.0100000753052277,-7.530522769944037e-08,7.530522769944037e-08,0.0007530522769944037,Very Low
0.01,0.0111000339355383,-0.0011000339355382999,0.0011000339355382999,11.000339355382998,Very Low
0.01,0.0100206262301202,-2.0626230120199956e-05,2.0626230120199956e-05,0.20626230120199956,Very Low
0.0335801733629632,0.0362061366030271,-0.0026259632400639013,0.0026259632400639013,7.819981188543154,Low
0.01,0.0101480103658685,-0.0001480103658684992,0.0001480103658684992,1.480103658684992,Very Low
0.01,0.0100007641782567,-7.641782566996519e-07,7.641782566996519e-07,0.007641782566996519,Very Low
0.01,0.0100102203327763,-1.0220332776299593e-05,1.0220332776299593e-05,0.10220332776299593,Very Low
0.0182475674272191,0.0180878686059512,0.0001596988212679007,0.0001596988212679007,0.8751786883641539,Very Low
0.01,0.0101066902267223,-0.00010669022672230022,0.00010669022672230022,1.0669022672230022,Very Low
0.01,0.0115850386629455,-0.0015850386629454993,0.0015850386629454993,15.850386629454993,Very Low
0.0248146120521817,0.022703390926126,0.0021112211260557005,0.0021112211260557005,8.507975549309794,Low
0.01,0.0099999999999998,1.9949319973733282e-16,1.9949319973733282e-16,1.994931997373328e-12,Very Low
0.01,0.0100073346238172,-7.334623817200486e-06,7.334623817200486e-06,0.07334623817200486,Very Low
0.01,0.0115588317122987,-0.0015588317122986993,0.0015588317122986993,15.588317122986991,Very Low
0.0489612903363145,0.0458754711338629,0.0030858192024516007,0.0030858192024516007,6.302569195491267,High
0.01,0.0102015089970938,-0.00020150899709379944,0.00020150899709379944,2.0150899709379946,Very Low
0.0519277738759669,0.0460984439890175,0.005829329886949397,0.005829329886949397,11.22584207224665,High
0.0164351532246983,0.0148478844537638,0.0015872687709344996,0.0015872687709344996,9.657766795561088,Very Low
0.0254007327855273,0.0250029763901389,0.0003977563953884017,0.0003977563953884017,1.5659248839271018,Low
0.016370009201625,0.0179540124763382,-0.0015840032747132006,0.0015840032747132006,9.676251584244445,Very Low
0.01,0.0100762064209806,-7.620642098059988e-05,7.620642098059988e-05,0.7620642098059988,Very Low
0.0106481942799316,0.010026390674505,0.0006218036054266001,0.0006218036054266001,5.839521604132436,Very Low
0.01,0.0099999999999998,1.9949319973733282e-16,1.9949319973733282e-16,1.994931997373328e-12,Very Low
0.01,0.0100125122564802,-1.2512256480199171e-05,1.2512256480199171e-05,0.12512256480199171,Very Low
0.01,0.0100507144548027,-5.071445480269929e-05,5.071445480269929e-05,0.5071445480269929,Very Low
0.0228494999930295,0.0252201157116795,-0.00237061571865,0.00237061571865,10.374912883753181,Low
0.01,0.0099999999999998,1.9949319973733282e-16,1.9949319973733282e-16,1.994931997373328e-12,Very Low
0.01,0.0102478213141813,-0.00024782131418129953,0.00024782131418129953,2.4782131418129953,Very Low
0.01,0.0102581546155853,-0.00025815461558529977,0.00025815461558529977,2.5815461558529975,Very Low
0.0173702168605282,0.0175030428175993,-0.00013282595707109907,0.00013282595707109907,0.7646764466880699,Very Low
0.01,0.0100162828824198,-1.6282882419799832e-05,1.6282882419799832e-05,0.16282882419799832,Very Low
0.01,0.0099999999999998,1.9949319973733282e-16,1.9949319973733282e-16,1.994931997373328e-12,Very Low
0.0108557703702316,0.0113096117227625,-0.00045384135253090027,0.00045384135253090027,4.180646209829676,Very Low
0.01,0.0100083245574878,-8.324557487799505e-06,8.324557487799505e-06,0.08324557487799505,Very Low
0.01,0.0100574163730542,-5.741637305419975e-05,5.741637305419975e-05,0.5741637305419975,Very Low
0.01,0.0099999999999998,1.9949319973733282e-16,1.9949319973733282e-16,1.994931997373328e-12,Very Low
0.01,0.0099999999999998,1.9949319973733282e-16,1.9949319973733282e-16,1.994931997373328e-12,Very Low
0.01,0.0099999999999998,1.9949319973733282e-16,1.9949319973733282e-16,1.994931997373328e-12,Very Low
0.01,0.0100167002744846,-1.670027448459968e-05,1.670027448459968e-05,0.1670027448459968,Very Low
0.01,0.0105506768318325,-0.0005506768318325004,0.0005506768318325004,5.506768318325004,Very Low
0.01,0.0099999999999998,1.9949319973733282e-16,1.9949319973733282e-16,1.994931997373328e-12,Very Low
0.01,0.0099999999999998,1.9949319973733282e-16,1.9949319973733282e-16,1.994931997373328e-12,Very Low
0.0153289839833871,0.0144567270010569,0.0008722569823301999,0.0008722569823301999,5.6902465504270525,Very Low
0.01,0.0100523097373341,-5.230973733410041e-05,5.230973733410041e-05,0.523097373341004,Very Low
0.013527564282375,0.0142282884930049,-0.0007007242106298987,0.0007007242106298987,5.179973245759172,Very Low
0.0165296968440829,0.0183751233627445,-0.0018454265186616005,0.0018454265186616005,11.16430952163653,Very Low
0.01,0.0100131979650444,-1.319796504439981e-05,1.319796504439981e-05,0.1319796504439981,Very Low
0.01,0.0099999999999998,1.9949319973733282e-16,1.9949319973733282e-16,1.994931997373328e-12,Very Low
0.01,0.0100022278996632,-2.2278996632003195e-06,2.2278996632003195e-06,0.022278996632003195,Very Low
0.021144659493198,0.0180711887045809,0.0030734707886171005,0.0030734707886171005,14.53544706929805,Very Low
0.01,0.0100108440554978,-1.0844055497800237e-05,1.0844055497800237e-05,0.10844055497800237,Very Low
0.0494351503098956,0.0451547680104933,0.004280382299402301,0.004280382299402301,8.658580529379886,High
0.0124833042995038,0.0137483211463411,-0.001265016846837299,0.001265016846837299,10.133669872067303,Very Low
0.01,0.0109722419296979,-0.000972241929697899,0.000972241929697899,9.72241929697899,Very Low
0.01,0.0100043412712844,-4.3412712843991785e-06,4.3412712843991785e-06,0.043412712843991785,Very Low
0.01,0.0121984990171661,-0.0021984990171660997,0.0021984990171660997,21.984990171660996,Very Low
0.025256450706029,0.0248285487281281,0.0004279019779009005,0.0004279019779009005,1.6942284681305417,Low
0.01,0.0106701144707475,-0.0006701144707474994,0.0006701144707474994,6.701144707474994,Very Low
0.0283211181904598,0.0297495557236472,-0.0014284375331874016,0.0014284375331874016,5.043718696349293,Low
0.0116467563944787,0.0132467342489269,-0.0015999778544482004,0.0015999778544482004,13.737540309563713,Very Low
0.01,0.0100848957424816,-8.489574248160027e-05,8.489574248160027e-05,0.8489574248160027,Very Low
0.01,0.0100245353271593,-2.4535327159300527e-05,2.4535327159300527e-05,0.24535327159300527,Very Low
0.0460088509347268,0.0414262784780629,0.004582572456663901,0.004582572456663901,9.960197578429508,Medium
0.0183305367722662,0.0162308047115823,0.002099732060683899,0.002099732060683899,11.454831283832117,Very Low
0.0237883366600123,0.0216237127529019,0.002164623907110398,0.002164623907110398,9.099517709235577,Low
0.0202788677654585,0.0179137070550962,0.002365160710362302,0.002365160710362302,11.66317931413774,Very Low
0.0126803968731942,0.0135515509971507,-0.0008711541239565003,0.0008711541239565003,6.870085634291792,Very Low
0.01,0.0099999999999998,1.9949319973733282e-16,1.9949319973733282e-16,1.994931997373328e-12,Very Low
0.0507816912405482,0.0449616793062944,0.005820011934253806,0.005820011934253806,11.460846994411716,High
0.0191528051687817,0.0194077179642915,-0.0002549127955097999,0.0002549127955097999,1.330942351595042,Very Low
0.0405068286569544,0.033252123323403,0.007254705333551402,0.007254705333551402,17.909832919753594,Medium
0.01,0.0099999999999998,1.9949319973733282e-16,1.9949319973733282e-16,1.994931997373328e-12,Very Low
0.0159044394605448,0.0146705109767964,0.0012339284837483994,0.0012339284837483994,7.758390270901957,Very Low
0.01,0.0100631048923663,-6.310489236630024e-05,6.310489236630024e-05,0.6310489236630024,Very Low
0.01,0.0100101693674639,-1.016936746390043e-05,1.016936746390043e-05,0.1016936746390043,Very Low
0.01,0.0099999999999998,1.9949319973733282e-16,1.9949319973733282e-16,1.994931997373328e-12,Very Low
0.01,0.0101208695568683,-0.00012086955686830061,0.00012086955686830061,1.208695568683006,Very Low
0.01,0.0099999999999998,1.9949319973733282e-16,1.9949319973733282e-16,1.994931997373328e-12,Very Low
0.01,0.0104123280079897,-0.0004123280079896992,0.0004123280079896992,4.1232800798969915,Very Low
0.013871960786654,0.0133963115364944,0.0004756492501595995,0.0004756492501595995,3.428853768222978,Very Low
0.01,0.0103256223917807,-0.00032562239178069927,0.00032562239178069927,3.2562239178069925,Very Low
0.0279082005789496,0.02842180712682,-0.0005136065478703981,0.0005136065478703981,1.840342756665572,Low
0.0173932248462832,0.0180140293019108,-0.0006208044556276007,0.0006208044556276007,3.569231474405173,Very Low
0.01,0.0099999999999998,1.9949319973733282e-16,1.9949319973733282e-16,1.994931997373328e-12,Very Low
0.01,0.0100559693510665,-5.5969351066499987e-05,5.5969351066499987e-05,0.5596935106649998,Very Low
0.0107105793599457,0.0131481622405598,-0.0024375828806140996,0.0024375828806140996,22.758646369120946,Very Low
0.01,0.0100045110902849,-4.511090284899794e-06,4.511090284899794e-06,0.045110902848997936,Very Low
0.0177188837098203,0.022846126569252,-0.0051272428594317,0.0051272428594317,28.93660200834231,Very Low
0.01,0.0099999999999998,1.9949319973733282e-16,1.9949319973733282e-16,1.994931997373328e-12,Very Low
0.01,0.0102566678540336,-0.0002566678540335994,0.0002566678540335994,2.566678540335994,Very Low
0.0111491654378438,0.0114409517050184,-0.00029178626717460063,0.00029178626717460063,2.6171130817037263,Very Low
0.01,0.0099999999999998,1.9949319973733282e-16,1.9949319973733282e-16,1.994931997373328e-12,Very Low
0.01,0.0100954848623422,-9.548486234219923e-05,9.548486234219923e-05,0.9548486234219923,Very Low
0.01,0.0100602728430522,-6.0272843052199335e-05,6.0272843052199335e-05,0.6027284305219933,Very Low
0.0127031125410233,0.0138267720202223,-0.0011236594791990007,0.0011236594791990007,8.845544551150487,Very Low
0.0165220753628705,0.0158549193268101,0.0006671560360604033,0.0006671560360604033,4.037967515628699,Very Low
0.01,0.0109917372128241,-0.0009917372128240998,0.0009917372128240998,9.917372128240999,Very Low
0.0183204079823592,0.0179133834002841,0.0004070245820751023,0.0004070245820751023,2.2217004253782338,Very Low
0.01,0.010003008457815,-3.0084578149999763e-06,3.0084578149999763e-06,0.030084578149999763,Very Low
0.01,0.0110229929351584,-0.001022992935158399,0.001022992935158399,10.22992935158399,Very Low
0.0166331616897914,0.0162834967584317,0.0003496649313597007,0.0003496649313597007,2.1022156694016116,Very Low
0.0302234883651535,0.0265039208435109,0.0037195675216426007,0.0037195675216426007,12.306876945187824,Low
0.01,0.0099999999999998,1.9949319973733282e-16,1.9949319973733282e-16,1.994931997373328e-12,Very Low
0.01,0.0099999999999998,1.9949319973733282e-16,1.9949319973733282e-16,1.994931997373328e-12,Very Low
0.0100700909134051,0.0109541754851739,-0.0008840845717687992,0.0008840845717687992,8.779310726896455,Very Low
0.01,0.0099999999999998,1.9949319973733282e-16,1.9949319973733282e-16,1.994931997373328e-12,Very Low
0.0101901734344598,0.0118652221691459,-0.0016750487346861003,0.0016750487346861003,16.437882490023565,Very Low
0.01,0.0099999999999998,1.9949319973733282e-16,1.9949319973733282e-16,1.994931997373328e-12,Very Low
0.01,0.0099999999999998,1.9949319973733282e-16,1.9949319973733282e-16,1.994931997373328e-12,Very Low
0.01,0.0099999999999998,1.9949319973733282e-16,1.9949319973733282e-16,1.994931997373328e-12,Very Low
0.01,0.010054691194254,-5.469119425399911e-05,5.469119425399911e-05,0.5469119425399911,Very Low
0.01,0.0101034047100417,-0.00010340471004170043,0.00010340471004170043,1.0340471004170042,Very Low
0.043536871356249,0.0412051611157433,0.0023317102405056994,0.0023317102405056994,5.355713830298053,Medium
0.01,0.0104906868240902,-0.0004906868240901995,0.0004906868240901995,4.906868240901995,Very Low
0.01,0.0100054185992757,-5.418599275700334e-06,5.418599275700334e-06,0.05418599275700334,Very Low
0.0115364627207307,0.0123051781391909,-0.0007687154184602002,0.0007687154184602002,6.663354592034872,Very Low
0.0400877008153688,0.0405648780688845,-0.0004771772535157037,0.0004771772535157037,1.1903333037567567,Medium
0.0121850511500862,0.0138482844420185,-0.0016632332919323013,0.0016632332919323013,13.649785064058065,Very Low
0.0139934264050222,0.0143086758516569,-0.0003152494466346998,0.0003152494466346998,2.252839565594583,Very Low
0.0101458721585433,0.0115488640070127,-0.0014029918484694,0.0014029918484694,13.828203495428582,Very Low
0.01,0.0100946039499947,-9.460394999469962e-05,9.460394999469962e-05,0.9460394999469962,Very Low
0.01,0.0125419921100821,-0.0025419921100820995,0.0025419921100820995,25.419921100820996,Very Low
0.0225652224548836,0.0235243289891793,-0.0009591065342957027,0.0009591065342957027,4.250374824415397,Very Low
0.01,0.0104012927236666,-0.0004012927236665999,0.0004012927236665999,4.012927236665999,Very Low
0.0178179046608322,0.0190134314253279,-0.0011955267644956982,0.0011955267644956982,6.709693352012021,Very Low
0.02873271161334,0.0308000597196695,-0.0020673481063294974,0.0020673481063294974,7.195102690445933,Low
0.01,0.0117166371364545,-0.0017166371364545005,0.0017166371364545005,17.166371364545004,Very Low
0.01,0.0100994121138963,-9.941211389630049e-05,9.941211389630049e-05,0.9941211389630049,Very Low
0.01,0.0126562788222273,-0.0026562788222273,0.0026562788222273,26.562788222273,Very Low
0.01,0.0099999999999998,1.9949319973733282e-16,1.9949319973733282e-16,1.994931997373328e-12,Very Low
0.01,0.0121063744935423,-0.0021063744935423,0.0021063744935423,21.063744935423003,Very Low
0.01,0.0107666876459014,-0.0007666876459014003,0.0007666876459014003,7.666876459014003,Very Low
0.0143009262328016,0.0153144436470447,-0.0010135174142431001,0.0010135174142431001,7.08707532466272,Very Low
0.0127929542189451,0.0140076929279811,-0.001214738709036,0.001214738709036,9.49537290798002,Very Low
0.01,0.0099999999999998,1.9949319973733282e-16,1.9949319973733282e-16,1.994931997373328e-12,Very Low
0.046531760739717,0.0469640371817465,-0.0004322764420294986,0.0004322764420294986,0.9289922305917186,Medium
0.01,0.0102323613763377,-0.00023236137633769922,0.00023236137633769922,2.323613763376992,Very Low
0.01,0.0113263505158983,-0.0013263505158983002,0.0013263505158983002,13.263505158983001,Very Low
0.01,0.0100370629139165,-3.7062913916498935e-05,3.7062913916498935e-05,0.37062913916498935,Very Low
0.0360801338571618,0.0315084769361249,0.0045716569210369,0.0045716569210369,12.670842461770523,Medium
0.0307804467603025,0.034073169499693,-0.0032927227393905016,0.0032927227393905016,10.697449471841718,Low
0.01,0.0120392920549363,-0.0020392920549363,0.0020392920549363,20.392920549363,Very Low
0.01,0.0101662096715464,-0.00016620967154640058,0.00016620967154640058,1.6620967154640058,Very Low
0.01,0.0104954114222181,-0.0004954114222181002,0.0004954114222181002,4.954114222181002,Very Low
0.01,0.0099999999999998,1.9949319973733282e-16,1.9949319973733282e-16,1.994931997373328e-12,Very Low
0.01,0.0100065593131808,-6.559313180800469e-06,6.559313180800469e-06,0.06559313180800469,Very Low
0.01,0.0117802775462075,-0.0017802775462074996,0.0017802775462074996,17.802775462074997,Very Low
0.01,0.0117014755079679,-0.0017014755079678996,0.0017014755079678996,17.014755079678995,Very Low
0.0168115755265249,0.0176404192366293,-0.0008288437101044016,0.0008288437101044016,4.9301965113065815,Very Low
0.0123024632117148,0.0139698603137082,-0.0016673971019934009,0.0016673971019934009,13.553359789002675,Very Low
0.0104049480092087,0.0142593810243135,-0.0038544330151048,0.0038544330151048,37.04423137620205,Very Low
0.01,0.0100015283565136,-1.5283565136005317e-06,1.5283565136005317e-06,0.015283565136005317,Very Low
0.01,0.0105443279847077,-0.0005443279847076998,0.0005443279847076998,5.443279847076997,Very Low
0.01,0.0100307349500505,-3.073495005049935e-05,3.073495005049935e-05,0.30734950050499354,Very Low
0.01,0.0100041601294575,-4.160129457499856e-06,4.160129457499856e-06,0.04160129457499856,Very Low
0.01,0.0100010620810949,-1.0620810948994835e-06,1.0620810948994835e-06,0.010620810948994835,Very Low
0.0145834600574191,0.0163061740472921,-0.0017227139898730003,0.0017227139898730003,11.812793281499731,Very Low
0.0130845587568669,0.0141771019581045,-0.0010925432012375991,0.0010925432012375991,8.349866598781729,Very Low
0.0110940947577832,0.0115587433837081,-0.00046464862592490025,0.00046464862592490025,4.188251822880098,Very Low
0.01,0.0100007641782567,-7.641782566996519e-07,7.641782566996519e-07,0.007641782566996519,Very Low
0.0448610271888893,0.0372026504138573,0.007658376775031998,0.007658376775031998,17.0713362018798,Medium
0.01,0.0100821627796112,-8.216277961120046e-05,8.216277961120046e-05,0.8216277961120045,Very Low
0.01,0.0099999999999998,1.9949319973733282e-16,1.9949319973733282e-16,1.994931997373328e-12,Very Low
0.0201230092203194,0.019217481062221,0.0009055281580983982,0.0009055281580983982,4.499963937719775,Very Low
0.01,0.0099999999999998,1.9949319973733282e-16,1.9949319973733282e-16,1.994931997373328e-12,Very Low
0.057584676774145,0.0485549071643864,0.009029769609758598,0.009029769609758598,15.680854900296815,High
0.0238859480273924,0.0239865108865415,-0.00010056285914909757,0.00010056285914909757,0.42101263485029816,Low
0.0154680361438755,0.0159464817972858,-0.00047844565341029904,0.00047844565341029904,3.093124744214782,Very Low
0.01,0.0100537181345096,-5.3718134509599114e-05,5.3718134509599114e-05,0.5371813450959911,Very Low
0.0169657059297984,0.0174382957164899,-0.00047258978669150256,0.00047258978669150256,2.785559225457577,Very Low
0.0141389950797514,0.0136824424614672,0.00045655261828419884,0.00045655261828419884,3.2290315946006127,Very Low
0.0160192828710317,0.0133630057340482,0.0026562771369835012,0.0026562771369835012,16.581748124236896,Very Low
0.0105997229094538,0.0114936793818203,-0.0008939564723665014,0.0008939564723665014,8.433772090109917,Very Low
0.01,0.0099999999999998,1.9949319973733282e-16,1.9949319973733282e-16,1.994931997373328e-12,Very Low
0.0127849677593118,0.0132070400972618,-0.00042207233795000035,0.00042207233795000035,3.3013171866826827,Very Low
0.0196039114506843,0.0174925465755662,0.0021113648751181005,0.0021113648751181005,10.770120444736046,Very Low
0.0325560816408894,0.0302088947169789,0.002347186923910498,0.002347186923910498,7.209672680518488,Low
0.01,0.0100193534572448,-1.9353457244799047e-05,1.9353457244799047e-05,0.19353457244799047,Very Low
0.0154599552741627,0.0175228258540471,-0.002062870579884399,0.002062870579884399,13.343315315613824,Very Low
0.01,0.0099999999999998,1.9949319973733282e-16,1.9949319973733282e-16,1.994931997373328e-12,Very Low
0.01,0.0099999999999998,1.9949319973733282e-16,1.9949319973733282e-16,1.994931997373328e-12,Very Low
0.01,0.0104388106477973,-0.0004388106477972997,0.0004388106477972997,4.388106477972997,Very Low
0.0391397663760183,0.0352865375761409,0.0038532287998774006,0.0038532287998774006,9.844792538767807,Medium
0.01,0.0102160224897044,-0.00021602248970440004,0.00021602248970440004,2.1602248970440003,Very Low
0.01,0.0104719256938364,-0.00047192569383639957,0.00047192569383639957,4.719256938363996,Very Low
0.01,0.0099999999999998,1.9949319973733282e-16,1.9949319973733282e-16,1.994931997373328e-12,Very Low
0.01,0.0100127943859024,-1.2794385902400313e-05,1.2794385902400313e-05,0.12794385902400313,Very Low
0.01,0.0099999999999998,1.9949319973733282e-16,1.9949319973733282e-16,1.994931997373328e-12,Very Low
0.0183827833229701,0.0152282565099584,0.003154526813011699,0.003154526813011699,17.160224094411095,Very Low
0.0173784666249225,0.0118419243226352,0.005536542302287301,0.005536542302287301,31.858635297243847,Very Low
0.01,0.0099999999999998,1.9949319973733282e-16,1.9949319973733282e-16,1.994931997373328e-12,Very Low
0.0116614828556199,0.0127527654760657,-0.0010912826204457996,0.0010912826204457996,9.358009045306694,Very Low
0.0154865182889199,0.0185774532904101,-0.0030909350014902,0.0030909350014902,19.958876125834323,Very Low
0.01,0.0100359577718136,-3.5957771813600534e-05,3.5957771813600534e-05,0.35957771813600536,Very Low
0.01,0.0109040420747769,-0.000904042074776899,0.000904042074776899,9.040420747768989,Very Low
0.011730641121627,0.0103594548926626,0.0013711862289643995,0.0013711862289643995,11.688928292558835,Very Low
0.01,0.0099999999999998,1.9949319973733282e-16,1.9949319973733282e-16,1.994931997373328e-12,Very Low
0.01,0.0107530592410406,-0.0007530592410405993,0.0007530592410405993,7.530592410405992,Very Low
0.01,0.0099999999999998,1.9949319973733282e-16,1.9949319973733282e-16,1.994931997373328e-12,Very Low
0.01,0.0104011653108237,-0.0004011653108237003,0.0004011653108237003,4.011653108237003,Very Low
0.0226523810499264,0.0249169233817354,-0.0022645423318090017,0.0022645423318090017,9.996928476604271,Low
0.0260055741248411,0.0242524494282759,0.0017531246965651996,0.0017531246965651996,6.741342022095856,Low
0.0379287419863791,0.0385123714975943,-0.0005836295112152043,0.0005836295112152043,1.5387526204396558,Medium
0.01,0.0100103510800858,-1.035108008579956e-05,1.035108008579956e-05,0.1035108008579956,Very Low
0.01,0.0100000753052277,-7.530522769944037e-08,7.530522769944037e-08,0.0007530522769944037,Very Low
0.01,0.0101489484887833,-0.00014894848878329973,0.00014894848878329973,1.4894848878329974,Very Low
0.01,0.0103327726882822,-0.0003327726882822006,0.0003327726882822006,3.327726882822006,Very Low
0.0159133773168711,0.016125685962066,-0.00021230864519489884,0.00021230864519489884,1.3341520217069993,Very Low
0.01,0.01038523188363,-0.00038523188363000054,0.00038523188363000054,3.852318836300005,Very Low
0.01,0.0100364779164409,-3.6477916440900635e-05,3.6477916440900635e-05,0.3647791644090064,Very Low
0.01,0.0099999999999998,1.9949319973733282e-16,1.9949319973733282e-16,1.994931997373328e-12,Very Low
0.01,0.0100056822419908,-5.682241990800571e-06,5.682241990800571e-06,0.05682241990800571,Very Low
0.01,0.0099999999999998,1.9949319973733282e-16,1.9949319973733282e-16,1.994931997373328e-12,Very Low
0.0139155744781821,0.0142311660679963,-0.0003155915898141997,0.0003155915898141997,2.267901984995361,Very Low
0.01,0.0100923617232807,-9.23617232807001e-05,9.23617232807001e-05,0.9236172328070009,Very Low
0.01,0.0099999999999998,1.9949319973733282e-16,1.9949319973733282e-16,1.994931997373328e-12,Very Low
0.01,0.0100171913961066,-1.719139610660038e-05,1.719139610660038e-05,0.1719139610660038,Very Low
0.0480290015967583,0.0451175870901823,0.0029114145065759975,0.0029114145065759975,6.061784358999673,High
0.01,0.0100024715685164,-2.4715685163993056e-06,2.4715685163993056e-06,0.024715685163993056,Very Low
0.01,0.0109839426772394,-0.0009839426772393998,0.0009839426772393998,9.839426772393997,Very Low
0.01,0.0140285980709259,-0.0040285980709259,0.0040285980709259,40.285980709259,Very Low
0.0201588172599502,0.0228772992993153,-0.0027184820393650992,0.0027184820393650992,13.485325077904967,Very Low
0.0336403887727966,0.034122534406539,-0.0004821456337424021,0.0004821456337424021,1.4332344284091347,Low
0.01,0.0100298273524335,-2.9827352433500418e-05,2.9827352433500418e-05,0.2982735243350042,Very Low
0.01,0.0099999999999998,1.9949319973733282e-16,1.9949319973733282e-16,1.994931997373328e-12,Very Low
0.0182006701852486,0.0178664897092082,0.00033418047604040144,0.00033418047604040144,1.8360888507899575,Very Low
0.01,0.0101961745576163,-0.00019617455761629897,0.00019617455761629897,1.9617455761629896,Very Low
0.01,0.011044812481361,-0.0010448124813610005,0.0010448124813610005,10.448124813610004,Very Low
0.01,0.0100348398896705,-3.4839889670500515e-05,3.4839889670500515e-05,0.3483988967050051,Very Low
0.0241786561964728,0.0243596361326293,-0.0001809799361565008,0.0001809799361565008,0.7485111442334925,Low
0.01,0.0115194296153032,-0.0015194296153032,0.0015194296153032,15.194296153031999,Very Low
0.0194810196003188,0.0214752876678111,-0.0019942680674923004,0.0019942680674923004,10.236979934354487,Very Low
0.01,0.0101102094295274,-0.00011020942952739976,0.00011020942952739976,1.1020942952739976,Very Low
0.01,0.01132920720478,-0.0013292072047799992,0.0013292072047799992,13.29207204779999,Very Low
0.01,0.0105051310106343,-0.0005051310106342997,0.0005051310106342997,5.051310106342997,Very Low
0.01,0.01000259795662,-2.597956620000244e-06,2.597956620000244e-06,0.02597956620000244,Very Low
0.01,0.0099999999999998,1.9949319973733282e-16,1.9949319973733282e-16,1.994931997373328e-12,Very Low
0.01,0.0099999999999998,1.9949319973733282e-16,1.9949319973733282e-16,1.994931997373328e-12,Very Low
0.0126702017890996,0.0161104603675257,-0.0034402585784261003,0.0034402585784261003,27.152358231467282,Very Low
0.01,0.0100138347947821,-1.3834794782100271e-05,1.3834794782100271e-05,0.1383479478210027,Very Low
0.0146368802849979,0.01577166450851,-0.0011347842235120992,0.0011347842235120992,7.752910466004143,Very Low
0.01,0.0124647637112015,-0.0024647637112015005,0.0024647637112015005,24.647637112015005,Very Low
0.01,0.0099999999999998,1.9949319973733282e-16,1.9949319973733282e-16,1.994931997373328e-12,Very Low
0.01,0.0100303446773978,-3.034467739779917e-05,3.034467739779917e-05,0.3034467739779917,Very Low
0.01,0.0099999999999998,1.9949319973733282e-16,1.9949319973733282e-16,1.994931997373328e-12,Very Low
0.0228294170462105,0.0220241847930434,0.0008052322531670979,0.0008052322531670979,3.5271695792195445,Low
0.01,0.0101586705941421,-0.00015867059414209975,0.00015867059414209975,1.5867059414209974,Very Low
0.0131217506283222,0.0123008402911463,0.0008209103371758994,0.0008209103371758994,6.256103780878393,Very Low
0.01,0.0100033849682834,-3.384968283400014e-06,3.384968283400014e-06,0.03384968283400014,Very Low
0.01,0.0102320428641122,-0.0002320428641122002,0.0002320428641122002,2.3204286411220023,Very Low
0.01,0.0100748904858183,-7.489048581829985e-05,7.489048581829985e-05,0.7489048581829985,Very Low
0.0248863101984338,0.0227221662323348,0.0021641439660989997,0.0021641439660989997,8.696122281057152,Low
0.0173743280064436,0.0178301631686225,-0.00045583516217890044,0.00045583516217890044,2.6236131953411106,Very Low
0.0104187750986885,0.0116792016739562,-0.0012604265752677,0.0012604265752677,12.097646444315327,Very Low
0.01,0.0101839098319115,-0.00018390983191149922,0.00018390983191149922,1.839098319114992,Very Low
0.01,0.0101242682688915,-0.00012426826889149964,0.00012426826889149964,1.2426826889149964,Very Low
0.01,0.0099999999999998,1.9949319973733282e-16,1.9949319973733282e-16,1.994931997373328e-12,Very Low
0.011265114359402,0.0112883823186944,-2.326795929240115e-05,2.326795929240115e-05,0.20654880678580445,Very Low
0.01,0.0100341793816218,-3.4179381621800634e-05,3.4179381621800634e-05,0.3417938162180063,Very Low
0.0111574049561152,0.0128516115620187,-0.0016942066059034994,0.0016942066059034994,15.18459366283852,Very Low
0.0192377392942372,0.0217943370902302,-0.002556597795992998,0.002556597795992998,13.289491851877028,Very Low
0.01,0.0099999999999998,1.9949319973733282e-16,1.9949319973733282e-16,1.994931997373328e-12,Very Low
0.01,0.0100007532827922,-7.532827922002855e-07,7.532827922002855e-07,0.007532827922002855,Very Low
0.01,0.0101386778041845,-0.00013867780418450049,0.00013867780418450049,1.3867780418450049,Very Low
0.01,0.0100344014534042,-3.440145340419948e-05,3.440145340419948e-05,0.3440145340419948,Very Low
0.0110762696354135,0.0113293453964746,-0.00025307576106110147,0.00025307576106110147,2.2848465177477926,Very Low
0.01,0.0100034248891454,-3.4248891453998037e-06,3.4248891453998037e-06,0.03424889145399804,Very Low
0.0194944974272911,0.0188800337232258,0.0006144637040653017,0.0006144637040653017,3.151985355647539,Very Low
0.0154303946002233,0.013947854799709,0.0014825398005143004,0.0014825398005143004,9.60791890891012,Very Low
0.01,0.0099999999999998,1.9949319973733282e-16,1.9949319973733282e-16,1.994931997373328e-12,Very Low
0.01,0.0099999999999998,1.9949319973733282e-16,1.9949319973733282e-16,1.994931997373328e-12,Very Low
0.0389348334574285,0.0326452244890634,0.0062896089683650985,0.0062896089683650985,16.154195125149776,Medium
0.01,0.0099999999999998,1.9949319973733282e-16,1.9949319973733282e-16,1.994931997373328e-12,Very Low
0.01,0.0099999999999998,1.9949319973733282e-16,1.9949319973733282e-16,1.994931997373328e-12,Very Low
0.01,0.0100848593532931,-8.485935329309927e-05,8.485935329309927e-05,0.8485935329309926,Very Low
0.01,0.0100575109662672,-5.7510966267200134e-05,5.7510966267200134e-05,0.5751096626720014,Very Low
0.0106943180225298,0.011919551991634,-0.0012252339691041989,0.0012252339691041989,11.45686865233472,Very Low
0.01,0.0112632775744459,-0.001263277574445899,0.001263277574445899,12.632775744458991,Very Low
0.0177359958077671,0.0198222638381618,-0.0020862680303946994,0.0020862680303946994,11.76290326749549,Very Low
0.01,0.0102331759154635,-0.00023317591546350054,0.00023317591546350054,2.3317591546350056,Very Low
0.0161774621367435,0.014543582081889,0.0016338800548544984,0.0016338800548544984,10.09973035970521,Very Low
0.0176215895720212,0.0162734980297135,0.0013480915423077014,0.0013480915423077014,7.650226654059307,Very Low
0.0360686706749994,0.035285836823531,0.0007828338514683994,0.0007828338514683994,2.1703984006569224,Medium
0.01,0.0101255859848188,-0.0001255859848188004,0.0001255859848188004,1.255859848188004,Very Low
0.0562013599144228,0.0467933458423429,0.009408014072079904,0.009408014072079904,16.73983349585381,High
0.01,0.0099999999999998,1.9949319973733282e-16,1.9949319973733282e-16,1.994931997373328e-12,Very Low
0.0108629692063903,0.0128875610762888,-0.0020245918698984997,0.0020245918698984997,18.637555086757533,Very Low
0.0399496405481466,0.0334925496798559,0.006457090868290702,0.006457090868290702,16.163076262247543,Medium
0.0136098603274308,0.0160727826248711,-0.002462922297440301,0.002462922297440301,18.09660230293663,Very Low
0.0317112992934517,0.0304601030787158,0.0012511962147358988,0.0012511962147358988,3.9455848313167903,Low
0.0107777283177556,0.012348848275914,-0.0015711199581584009,0.0015711199581584009,14.577468570719898,Very Low
0.0336942130328556,0.0298311080249624,0.003863105007893202,0.003863105007893202,11.465188411215438,Low
0.01,0.0100027051249743,-2.7051249743004213e-06,2.7051249743004213e-06,0.027051249743004213,Very Low
0.0241287743889657,0.0229514915226377,0.0011772828663279972,0.0011772828663279972,4.879165627518897,Low
0.0114222004950225,0.0114074722078197,1.4728287202800047e-05,1.4728287202800047e-05,0.12894439393896345,Very Low
0.0113663854813542,0.0136942201618605,-0.0023278346805063015,0.0023278346805063015,20.479990620808696,Very Low
0.0170432006982096,0.0126842452467109,0.004358955451498699,0.004358955451498699,25.5759204429049,Very Low
0.01,0.0100584038072238,-5.840380722380023e-05,5.840380722380023e-05,0.5840380722380023,Very Low
0.0141947586127606,0.0134684726863901,0.0007262859263704995,0.0007262859263704995,5.116578211605469,Very Low
0.01,0.0100622161932343,-6.221619323430044e-05,6.221619323430044e-05,0.6221619323430044,Very Low
0.01,0.0099999999999998,1.9949319973733282e-16,1.9949319973733282e-16,1.994931997373328e-12,Very Low
0.01,0.0099999999999998,1.9949319973733282e-16,1.9949319973733282e-16,1.994931997373328e-12,Very Low
0.01,0.0099999999999998,1.9949319973733282e-16,1.9949319973733282e-16,1.994931997373328e-12,Very Low
0.01,0.0100001956399406,-1.9563994060022016e-07,1.9563994060022016e-07,0.0019563994060022016,Very Low
0.01,0.0099999999999998,1.9949319973733282e-16,1.9949319973733282e-16,1.994931997373328e-12,Very Low
0.0237674472415278,0.017681953158787,0.006085494082740797,0.006085494082740797,25.60432351400316,Low
0.0121046679127651,0.0117956264442442,0.0003090414685209004,0.0003090414685209004,2.553076802668808,Very Low
0.01,0.0100592702836695,-5.9270283669499504e-05,5.9270283669499504e-05,0.592702836694995,Very Low
0.0190783219857774,0.0170296016144885,0.0020487203712888993,0.0020487203712888993,10.738472559673694,Very Low
0.0202062234538442,0.0205531602651928,-0.0003469368113485985,0.0003469368113485985,1.7169799796636138,Very Low
0.01,0.0100071821226018,-7.1821226017999146e-06,7.1821226017999146e-06,0.07182122601799915,Very Low
0.01,0.0099999999999998,1.9949319973733282e-16,1.9949319973733282e-16,1.994931997373328e-12,Very Low
0.0275828365156614,0.0244864490596794,0.0030963874559819977,0.0030963874559819977,11.225776051799038,Low
0.01,0.0105809431210065,-0.0005809431210065004,0.0005809431210065004,5.809431210065004,Very Low
0.01,0.0100234265370987,-2.3426537098700587e-05,2.3426537098700587e-05,0.23426537098700587,Very Low
0.01,0.0099999999999998,1.9949319973733282e-16,1.9949319973733282e-16,1.994931997373328e-12,Very Low
0.01,0.0104434427573477,-0.00044344275734769893,0.00044344275734769893,4.434427573476989,Very Low
0.01,0.0099999999999998,1.9949319973733282e-16,1.9949319973733282e-16,1.994931997373328e-12,Very Low
0.0117963625642262,0.0132007808823751,-0.0014044183181489006,0.0014044183181489006,11.905520116921107,Very Low
0.01,0.0104115048286288,-0.0004115048286287993,0.0004115048286287993,4.115048286287993,Very Low
0.01,0.0100014205604975,-1.4205604974993485e-06,1.4205604974993485e-06,0.014205604974993485,Very Low
0.0421033264527898,0.0387436549469816,0.0033596715058082025,0.0033596715058082025,7.9795868613264584,Medium
0.0149871917795001,0.0170375782604188,-0.0020503864809186985,0.0020503864809186985,13.680925093140361,Very Low
0.0124561998749683,0.0123213017135654,0.00013489816140290108,0.00013489816140290108,1.082980064200715,Very Low
0.0210293198541606,0.0194884531853453,0.0015408666688153001,0.0015408666688153001,7.327230169597916,Very Low
0.01,0.0099999999999998,1.9949319973733282e-16,1.9949319973733282e-16,1.994931997373328e-12,Very Low
0.0281601039575127,0.025829125393388,0.0023309785641246993,0.0023309785641246993,8.277592183756227,Low
0.01,0.0101425836306352,-0.00014258363063520026,0.00014258363063520026,1.4258363063520025,Very Low
0.01,0.0100000340023896,-3.400238960012125e-08,3.400238960012125e-08,0.0003400238960012125,Very Low
0.01,0.0099999999999998,1.9949319973733282e-16,1.9949319973733282e-16,1.994931997373328e-12,Very Low
0.01,0.010261276939398,-0.0002612769393979999,0.0002612769393979999,2.612769393979999,Very Low
0.01,0.0104255140620717,-0.0004255140620717003,0.0004255140620717003,4.255140620717003,Very Low
0.01,0.0099999999999998,1.9949319973733282e-16,1.9949319973733282e-16,1.994931997373328e-12,Very Low
0.01,0.0099999999999998,1.9949319973733282e-16,1.9949319973733282e-16,1.994931997373328e-12,Very Low
0.01,0.0104689142870121,-0.00046891428701209895,0.00046891428701209895,4.68914287012099,Very Low
0.01,0.0099999999999998,1.9949319973733282e-16,1.9949319973733282e-16,1.994931997373328e-12,Very Low
0.01,0.0100044771298198,-4.477129819800002e-06,4.477129819800002e-06,0.04477129819800002,Very Low
0.01,0.0100689886665278,-6.898866652779896e-05,6.898866652779896e-05,0.6898866652779896,Very Low
0.01,0.0100755141265573,-7.551412655729985e-05,7.551412655729985e-05,0.7551412655729984,Very Low
0.01,0.0099999999999998,1.9949319973733282e-16,1.9949319973733282e-16,1.994931997373328e-12,Very Low
0.0244912937181658,0.0191463583609773,0.0053449353571885,0.0053449353571885,21.82381796035556,Low
0.01,0.0122984184444231,-0.002298418444423099,0.002298418444423099,22.98418444423099,Very Low
0.01,0.010036734416601,-3.67344166010003e-05,3.67344166010003e-05,0.36734416601000297,Very Low
0.01,0.0103996734280333,-0.00039967342803329947,0.00039967342803329947,3.9967342803329946,Very Low
0.01,0.0099999999999998,1.9949319973733282e-16,1.9949319973733282e-16,1.994931997373328e-12,Very Low
0.01,0.0102606355536799,-0.0002606355536798992,0.0002606355536798992,2.6063555367989917,Very Low
0.01,0.0100007532827922,-7.532827922002855e-07,7.532827922002855e-07,0.007532827922002855,Very Low
0.01,0.0112649972700318,-0.0012649972700317993,0.0012649972700317993,12.649972700317994,Very Low
0.01,0.0099999999999998,1.9949319973733282e-16,1.9949319973733282e-16,1.994931997373328e-12,Very Low
0.01,0.0100065950423108,-6.595042310800561e-06,6.595042310800561e-06,0.06595042310800561,Very Low
0.01,0.0123793323840149,-0.0023793323840148994,0.0023793323840148994,23.793323840148993,Very Low
0.0223652274060974,0.0199503391120165,0.002414888294080899,0.002414888294080899,10.797512809650804,Very Low
0.0178476793604934,0.0188843019357094,-0.0010366225752160008,0.0010366225752160008,5.808164491741201,Very Low
0.0455995502031729,0.0376903833180191,0.0079091668851538,0.0079091668851538,17.34483531068573,Medium
0.01,0.0099999999999998,1.9949319973733282e-16,1.9949319973733282e-16,1.994931997373328e-12,Very Low
0.01,0.0100740419587687,-7.404195876870023e-05,7.404195876870023e-05,0.7404195876870023,Very Low
0.01,0.0103744055626242,-0.00037440556262420023,0.00037440556262420023,3.744055626242002,Very Low
0.0578782762125346,0.052367266486792,0.005511009725742602,0.005511009725742602,9.521724015251671,High
0.0111822263753179,0.0129735834168527,-0.0017913570415348003,0.0017913570415348003,16.0196814248797,Very Low
0.0289955691194249,0.0271039517297035,0.0018916173897213992,0.0018916173897213992,6.523815352374493,Low
0.01,0.0104458769391793,-0.00044587693917929987,0.00044587693917929987,4.458769391792998,Very Low
0.0129397082444837,0.0119205885594275,0.0010191196850561999,0.0010191196850561999,7.875909300278533,Very Low
0.0146419437144702,0.0165824319898971,-0.0019404882754269007,0.0019404882754269007,13.2529417765018,Very Low
0.01,0.0111116547907011,-0.0011116547907011002,0.0011116547907011002,11.116547907011002,Very Low
0.01,0.0099999999999998,1.9949319973733282e-16,1.9949319973733282e-16,1.994931997373328e-12,Very Low
0.0310077622999913,0.0316648796235986,-0.0006571173236073029,0.0006571173236073029,2.1192026604495973,Low
0.01,0.0114881145925215,-0.0014881145925214993,0.0014881145925214993,14.881145925214993,Very Low
0.01,0.0099999999999998,1.9949319973733282e-16,1.9949319973733282e-16,1.994931997373328e-12,Very Low
0.01,0.0111023474131644,-0.0011023474131644003,0.0011023474131644003,11.023474131644003,Very Low
0.01,0.0128210645129541,-0.002821064512954099,0.002821064512954099,28.21064512954099,Very Low
0.0192516507341966,0.0201221883769035,-0.0008705376427068992,0.0008705376427068992,4.521885705938805,Very Low
0.01,0.0100812897912436,-8.128979124360017e-05,8.128979124360017e-05,0.8128979124360016,Very Low
0.01,0.0099999999999998,1.9949319973733282e-16,1.9949319973733282e-16,1.994931997373328e-12,Very Low
0.01,0.0103857758215391,-0.0003857758215391003,0.0003857758215391003,3.857758215391003,Very Low
0.017166364769206,0.0161585583548896,0.0010078064143164006,0.0010078064143164006,5.870820222370324,Very Low
0.01,0.0099999999999998,1.9949319973733282e-16,1.9949319973733282e-16,1.994931997373328e-12,Very Low
0.013475615774463,0.0145199855182614,-0.0010443697437983995,0.0010443697437983995,7.7500706556025065,Very Low
0.01,0.0100758343718324,-7.583437183240026e-05,7.583437183240026e-05,0.7583437183240026,Very Low
0.01,0.0109909593801022,-0.0009909593801021993,0.0009909593801021993,9.909593801021993,Very Low
0.0130522017879672,0.0151094914148294,-0.0020572896268621996,0.0020572896268621996,15.762012113226836,Very Low
0.01,0.0105102051093921,-0.0005102051093920992,0.0005102051093920992,5.102051093920992,Very Low
0.01,0.0102921072319707,-0.0002921072319706994,0.0002921072319706994,2.921072319706994,Very Low
0.016700254805934,0.0137926801794865,0.002907574626447501,0.002907574626447501,17.41036086116704,Very Low
0.0101660699087998,0.0122319087361702,-0.0020658388273704,0.0020658388273704,20.320918957897383,Very Low
0.01,0.0100102528179414,-1.0252817941399164e-05,1.0252817941399164e-05,0.10252817941399164,Very Low
0.01,0.0109317535533462,-0.0009317535533461992,0.0009317535533461992,9.317535533461992,Very Low
0.01,0.0100362264771711,-3.622647717109982e-05,3.622647717109982e-05,0.36226477171099825,Very Low
0.01,0.0100025221400731,-2.522140073100282e-06,2.522140073100282e-06,0.02522140073100282,Very Low
0.01,0.0119190037043537,-0.0019190037043536994,0.0019190037043536994,19.190037043536993,Very Low
0.0277208804216287,0.0236787508518417,0.004042129569787001,0.004042129569787001,14.581533877377156,Low
0.01,0.0104357838644678,-0.0004357838644677998,0.0004357838644677998,4.357838644677998,Very Low
0.01,0.0107778158495378,-0.0007778158495378006,0.0007778158495378006,7.778158495378006,Very Low
0.01,0.0104285607623885,-0.00042856076238849926,0.00042856076238849926,4.285607623884992,Very Low
0.0163875594953329,0.0143883136030813,0.001999245892251599,0.001999245892251599,12.1997780866698,Very Low
0.01,0.0101782707953532,-0.00017827079535319944,0.00017827079535319944,1.7827079535319943,Very Low
0.01,0.0103675624965462,-0.0003675624965462001,0.0003675624965462001,3.675624965462001,Very Low
0.0307065892621352,0.0310767148451217,-0.00037012558298650175,0.00037012558298650175,1.2053620798676905,Low
0.01,0.0107899858899054,-0.0007899858899053994,0.0007899858899053994,7.899858899053994,Very Low
0.0134683358526919,0.0128502368550126,0.0006180989976792995,0.0006180989976792995,4.589275204001991,Very Low
0.01,0.0100458600812266,-4.58600812266001e-05,4.58600812266001e-05,0.45860081226600097,Very Low
0.0159961171978103,0.0151171531719709,0.0008789640258393995,0.0008789640258393995,5.494858627065575,Very Low
0.01,0.0100030241593465,-3.024159346500313e-06,3.024159346500313e-06,0.03024159346500313,Very Low
0.01,0.0100081188126033,-8.118812603300288e-06,8.118812603300288e-06,0.08118812603300288,Very Low
0.01,0.0102163218580788,-0.0002163218580787992,0.0002163218580787992,2.163218580787992,Very Low
0.01,0.0100187710330141,-1.877103301409916e-05,1.877103301409916e-05,0.1877103301409916,Very Low
0.0120755204796649,0.0114897982547116,0.0005857222249533011,0.0005857222249533011,4.850492580751724,Very Low
0.01,0.0100006565935228,-6.565935228002723e-07,6.565935228002723e-07,0.006565935228002723,Very Low
0.01,0.0100471277233272,-4.712772332719946e-05,4.712772332719946e-05,0.47127723327199456,Very Low
0.0174735056606202,0.0162949000895061,0.0011786055711140997,0.0011786055711140997,6.745100805789114,Very Low
0.0106170595021336,0.0108478278090855,-0.00023076830695190065,0.00023076830695190065,2.173561398102041,Very Low
0.01,0.0104365431994442,-0.00043654319944420004,0.00043654319944420004,4.365431994442001,Very Low
0.0238064740937771,0.0262142734872213,-0.002407799393444203,0.002407799393444203,10.114052941899491,Low
0.01,0.0131656773903153,-0.0031656773903152996,0.0031656773903152996,31.656773903152995,Very Low
0.0281300473581411,0.0283272960461504,-0.00019724868800930287,0.00019724868800930287,0.7012028294798347,Low
0.01,0.0099999999999998,1.9949319973733282e-16,1.9949319973733282e-16,1.994931997373328e-12,Very Low
0.0196196097141848,0.0163976715415326,0.003221938172652202,0.003221938172652202,16.42202989554257,Very Low
0.0309162655125284,0.0262852006257525,0.0046310648867759,0.0046310648867759,14.97937998009243,Low
0.01,0.0100350690173086,-3.506901730859942e-05,3.506901730859942e-05,0.35069017308599415,Very Low
0.0300213578119753,0.0274073083175115,0.0026140494944638,0.0026140494944638,8.707299352799675,Low
0.0265890700755664,0.0245435552082178,0.002045514867348601,0.002045514867348601,7.693066592909145,Low
0.0119037316492729,0.011899065383254,4.666266018900009e-06,4.666266018900009e-06,0.03920002698636971,Very Low
0.01,0.011757178229037,-0.0017571782290369993,0.0017571782290369993,17.571782290369992,Very Low
0.0212729866190397,0.0219705291804281,-0.0006975425613884,0.0006975425613884,3.279006252766065,Very Low
0.015821968319407,0.0168866227638659,-0.001064654444458902,0.001064654444458902,6.728963318381899,Very Low
0.01,0.010026568431772,-2.6568431771999482e-05,2.6568431771999482e-05,0.2656843177199948,Very Low
0.01,0.0099999999999998,1.9949319973733282e-16,1.9949319973733282e-16,1.994931997373328e-12,Very Low
0.01,0.0106175942428631,-0.0006175942428631002,0.0006175942428631002,6.175942428631003,Very Low
0.01,0.0101840225322149,-0.0001840225322148996,0.0001840225322148996,1.840225322148996,Very Low
0.01,0.0100018111968507,-1.8111968506998033e-06,1.8111968506998033e-06,0.018111968506998033,Very Low
0.01,0.0099999999999998,1.9949319973733282e-16,1.9949319973733282e-16,1.994931997373328e-12,Very Low
0.0150717785569761,0.0148668905176203,0.00020488803935580016,0.00020488803935580016,1.3594151385734499,Very Low
0.01,0.0113026362906906,-0.0013026362906905994,0.0013026362906905994,13.026362906905995,Very Low
0.0174016941983484,0.0158252917727178,0.0015764024256305978,0.0015764024256305978,9.058902010703157,Very Low
0.01,0.0100490561040319,-4.905610403189986e-05,4.905610403189986e-05,0.4905610403189986,Very Low
0.01,0.0100065950423108,-6.595042310800561e-06,6.595042310800561e-06,0.06595042310800561,Very Low
0.0348749818117209,0.0304301722806468,0.004444809531074099,0.004444809531074099,12.744980212664291,Low
0.0133316364702985,0.0133691070115466,-3.7470541248099676e-05,3.7470541248099676e-05,0.2810648289996517,Very Low
0.01,0.0099999999999998,1.9949319973733282e-16,1.9949319973733282e-16,1.994931997373328e-12,Very Low
0.01,0.0118011626090545,-0.0018011626090544998,0.0018011626090544998,18.011626090544997,Very Low
0.01,0.0101052148405151,-0.00010521484051509954,0.00010521484051509954,1.0521484051509953,Very Low
0.01,0.0100031825117387,-3.1825117386991703e-06,3.1825117386991703e-06,0.0318251173869917,Very Low
0.01,0.0100050639718413,-5.063971841299739e-06,5.063971841299739e-06,0.050639718412997387,Very Low
0.01,0.0105470167813729,-0.0005470167813728995,0.0005470167813728995,5.470167813728995,Very Low
0.01,0.0110689541752311,-0.0010689541752310992,0.0010689541752310992,10.68954175231099,Very Low
0.01,0.0100036020178722,-3.6020178722003665e-06,3.6020178722003665e-06,0.036020178722003665,Very Low
0.0158503020895427,0.0171298941306337,-0.0012795920410910017,0.0012795920410910017,8.072982040734843,Very Low
0.01,0.010000106756255,-1.0675625499931285e-07,1.0675625499931285e-07,0.0010675625499931285,Very Low
0.0285359620023845,0.0266569353375973,0.0018790266647872,0.0018790266647872,6.584767195268154,Low
0.01,0.0100729490425378,-7.294904253780064e-05,7.294904253780064e-05,0.7294904253780065,Very Low
0.01,0.0099999999999998,1.9949319973733282e-16,1.9949319973733282e-16,1.994931997373328e-12,Very Low
0.01,0.0106789244597797,-0.0006789244597796996,0.0006789244597796996,6.789244597796995,Very Low
0.010390508915111,0.010812606912347,-0.0004220979972360001,0.0004220979972360001,4.062341899559314,Very Low
0.01,0.0100041836126512,-4.183612651200222e-06,4.183612651200222e-06,0.04183612651200222,Very Low
0.01,0.0102422697277629,-0.0002422697277629001,0.0002422697277629001,2.422697277629001,Very Low
0.01,0.0105722467865949,-0.0005722467865949005,0.0005722467865949005,5.722467865949006,Very Low
0.0336649644437639,0.0279829194517902,0.005682044991973698,0.005682044991973698,16.878214743001877,Low
0.0429478226291668,0.0383256217929104,0.004622200836256397,0.004622200836256397,10.762363615419611,Medium
0.0164821512211002,0.013286505885367,0.0031956453357332004,0.0031956453357332004,19.388520908861604,Very Low
0.01,0.0113446775630847,-0.0013446775630846994,0.0013446775630846994,13.446775630846993,Very Low
0.014904757558125,0.0135851989237379,0.0013195586343871003,0.0013195586343871003,8.853271374868973,Very Low
0.0602236777782535,0.0486124041861241,0.0116112735921294,0.0116112735921294,19.28024660812425,High
0.0134608683208566,0.011816743739746,0.0016441245811106009,0.0016441245811106009,12.214104929346599,Very Low
0.01,0.0101480128269718,-0.00014801282697179952,0.00014801282697179952,1.4801282697179952,Very Low
0.0144752017989719,0.0152038448122831,-0.0007286430133111987,0.0007286430133111987,5.033733024453935,Very Low
0.01,0.0099999999999998,1.9949319973733282e-16,1.9949319973733282e-16,1.994931997373328e-12,Very Low
0.01,0.0099999999999998,1.9949319973733282e-16,1.9949319973733282e-16,1.994931997373328e-12,Very Low
0.0209758516530907,0.0215352585788012,-0.0005594069257104997,0.0005594069257104997,2.6669092390728917,Very Low
0.0730419071356614,0.0647238087752016,0.008318098360459797,0.008318098360459797,11.38811770756549,Very High
0.0148103472226542,0.0144226375733909,0.0003877096492633011,0.0003877096492633011,2.6178295716811606,Very Low
0.0186854505405422,0.0192112412194113,-0.000525790678869098,0.000525790678869098,2.813904207063562,Very Low
0.01,0.0101665316461101,-0.00016653164611010046,0.00016653164611010046,1.6653164611010047,Very Low
0.01,0.0101789421428419,-0.0001789421428418994,0.0001789421428418994,1.789421428418994,Very Low
0.01,0.0103122455545264,-0.0003122455545263997,0.0003122455545263997,3.122455545263997,Very Low
0.024567393022119,0.0215858777112712,0.0029815153108477994,0.0029815153108477994,12.136067136482175,Low
0.01,0.0099999999999998,1.9949319973733282e-16,1.9949319973733282e-16,1.994931997373328e-12,Very Low
0.01,0.0100014205604975,-1.4205604974993485e-06,1.4205604974993485e-06,0.014205604974993485,Very Low
0.01,0.0107752045385109,-0.0007752045385109006,0.0007752045385109006,7.752045385109006,Very Low
0.052887279951945,0.0499074985262939,0.0029797814256510985,0.0029797814256510985,5.634211909477325,High
0.0148313244799492,0.0125711645766437,0.0022601599033054993,0.0022601599033054993,15.239096861248367,Very Low
0.0129056127642732,0.0130812413817538,-0.00017562861748060023,0.00017562861748060023,1.360870039172379,Very Low
0.01,0.0107604981482943,-0.0007604981482943005,0.0007604981482943005,7.604981482943004,Very Low
0.0186963263261829,0.0182447189827281,0.000451607343454799,0.000451607343454799,2.4154870618745807,Very Low
0.01,0.0100143432044354,-1.434320443539916e-05,1.434320443539916e-05,0.1434320443539916,Very Low
0.01,0.0101547919756631,-0.00015479197566310027,0.00015479197566310027,1.5479197566310026,Very Low
0.0111694909289442,0.0104756475290259,0.0006938433999182994,0.0006938433999182994,6.211951863627909,Very Low
0.01,0.0112188193384308,-0.0012188193384308002,0.0012188193384308002,12.188193384308002,Very Low
0.01,0.0099999999999998,1.9949319973733282e-16,1.9949319973733282e-16,1.994931997373328e-12,Very Low
0.0250725209976257,0.0214277619384298,0.0036447590591959025,0.0036447590591959025,14.536867112569379,Low
0.0153612836049441,0.0134286505825487,0.0019326330223953993,0.0019326330223953993,12.581194853881694,Very Low
0.01,0.0103612216705818,-0.00036122167058180027,0.00036122167058180027,3.612216705818003,Very Low
0.01,0.0100622998716374,-6.229987163739945e-05,6.229987163739945e-05,0.6229987163739945,Very Low
0.01,0.0100425777434202,-4.257774342020064e-05,4.257774342020064e-05,0.4257774342020064,Very Low
0.01,0.0100329732382658,-3.297323826579983e-05,3.297323826579983e-05,0.3297323826579983,Very Low
0.0172694463924174,0.0159448420158354,0.0013246043765820018,0.0013246043765820018,7.670219105365206,Very Low
0.01,0.0103055137379264,-0.0003055137379263991,0.0003055137379263991,3.055137379263991,Very Low
0.01,0.0109528233581531,-0.0009528233581530994,0.0009528233581530994,9.528233581530994,Very Low
0.01,0.0099999999999998,1.9949319973733282e-16,1.9949319973733282e-16,1.994931997373328e-12,Very Low
0.0314924688166704,0.0283721233750756,0.003120345441594799,0.003120345441594799,9.908227455140189,Low
0.01,0.0099999999999998,1.9949319973733282e-16,1.9949319973733282e-16,1.994931997373328e-12,Very Low
0.0187746939628085,0.0182273115049559,0.0005473824578526021,0.0005473824578526021,2.9155333180766227,Very Low
0.01,0.0113497883567236,-0.0013497883567235996,0.0013497883567235996,13.497883567235997,Very Low
0.01,0.010003400332959,-3.4003329589995385e-06,3.4003329589995385e-06,0.034003329589995385,Very Low
0.01,0.0100535358381026,-5.353583810259986e-05,5.353583810259986e-05,0.5353583810259986,Very Low
0.01,0.0101500589097656,-0.00015005890976559945,0.00015005890976559945,1.5005890976559946,Very Low
0.0351846417741591,0.0375311572588179,-0.0023465154846587996,0.0023465154846587996,6.6691470094266165,Low
0.01,0.0107273963322495,-0.0007273963322495004,0.0007273963322495004,7.273963322495004,Very Low
0.0176562820622833,0.0176314385197459,2.484354253740051e-05,2.484354253740051e-05,0.14070653408097944,Very Low
0.01,0.0104499190546714,-0.00044991905467139937,0.00044991905467139937,4.499190546713994,Very Low
0.01,0.0104894648435113,-0.0004894648435112992,0.0004894648435112992,4.894648435112992,Very Low
0.019075692396109,0.0185971400535313,0.00047855234257770246,0.00047855234257770246,2.508702345584667,Very Low
0.01,0.0111761764184368,-0.0011761764184368,0.0011761764184368,11.761764184368001,Very Low
0.01,0.0099999999999998,1.9949319973733282e-16,1.9949319973733282e-16,1.994931997373328e-12,Very Low
0.01,0.0099999999999998,1.9949319973733282e-16,1.9949319973733282e-16,1.994931997373328e-12,Very Low
0.01,0.0099999999999998,1.9949319973733282e-16,1.9949319973733282e-16,1.994931997373328e-12,Very Low
0.01,0.0132139578535448,-0.003213957853544799,0.003213957853544799,32.13957853544799,Very Low
0.0448471896829367,0.0374174811008044,0.007429708582132301,0.007429708582132301,16.56672053401627,Medium
0.01,0.0103895798600604,-0.00038957986006040064,0.00038957986006040064,3.8957986006040066,Very Low
0.01,0.0106160428176727,-0.0006160428176726993,0.0006160428176726993,6.1604281767269935,Very Low
0.01,0.0100639032729743,-6.390327297429998e-05,6.390327297429998e-05,0.6390327297429998,Very Low
0.01,0.0101716225514488,-0.00017162255144879957,0.00017162255144879957,1.7162255144879957,Very Low
0.0209698606639828,0.0190704276327039,0.0018994330312788986,0.0018994330312788986,9.057919180842758,Very Low
0.0185031988454691,0.0189994716288045,-0.000496272783335399,0.000496272783335399,2.6820918235817475,Very Low
0.0228878660482783,0.0214433649851225,0.0014445010631558008,0.0014445010631558008,6.311209005281909,Low
0.01,0.0100572920491735,-5.729204917349906e-05,5.729204917349906e-05,0.5729204917349906,Very Low
0.01,0.0099999999999998,1.9949319973733282e-16,1.9949319973733282e-16,1.994931997373328e-12,Very Low
0.0247164201137303,0.0242912702370408,0.00042514987668949844,0.00042514987668949844,1.720111062739713,Low
0.01,0.0099999999999998,1.9949319973733282e-16,1.9949319973733282e-16,1.994931997373328e-12,Very Low
0.01,0.010007827887194,-7.827887193999003e-06,7.827887193999003e-06,0.07827887193999003,Very Low
0.01,0.0099999999999998,1.9949319973733282e-16,1.9949319973733282e-16,1.994931997373328e-12,Very Low
0.01,0.0103070204941954,-0.00030702049419539974,0.00030702049419539974,3.0702049419539974,Very Low
0.0107025911206756,0.0123933135289286,-0.0016907224082529995,0.0016907224082529995,15.797318510905356,Very Low
0.01,0.0113856651481651,-0.0013856651481650994,0.0013856651481650994,13.856651481650994,Very Low
0.01,0.0100043178258682,-4.3178258682004256e-06,4.3178258682004256e-06,0.043178258682004256,Very Low
0.0391824540933057,0.037397077134586,0.001785376958719699,0.001785376958719699,4.5565725782978195,Medium
0.01,0.0099999999999998,1.9949319973733282e-16,1.9949319973733282e-16,1.994931997373328e-12,Very Low
0.0145542203055707,0.0123415382698654,0.0022126820357053004,0.0022126820357053004,15.203026951972035,Very Low
0.0174866950810107,0.0159109701483477,0.001575724932663003,0.001575724932663003,9.01099336016974,Very Low
0.0181591503749354,0.0161267265052639,0.0020324238696715,0.0020324238696715,11.192285033757974,Very Low
0.0100332352875983,0.0109902853989566,-0.0009570501113582985,0.0009570501113582985,9.538798641962195,Very Low
0.0370195393350481,0.0314940768850164,0.005525462450031694,0.005525462450031694,14.925800129556139,Medium
0.01,0.0099999999999998,1.9949319973733282e-16,1.9949319973733282e-16,1.994931997373328e-12,Very Low
0.01,0.0100045768254289,-4.5768254288997695e-06,4.5768254288997695e-06,0.045768254288997695,Very Low
0.01,0.0099999999999998,1.9949319973733282e-16,1.9949319973733282e-16,1.994931997373328e-12,Very Low
0.01,0.0105816796395696,-0.0005816796395696003,0.0005816796395696003,5.816796395696003,Very Low
0.01,0.0101093011270375,-0.00010930112703749946,0.00010930112703749946,1.0930112703749946,Very Low
0.01,0.010033837011381,-3.383701138100041e-05,3.383701138100041e-05,0.33837011381000415,Very Low
0.0129378271445133,0.0134147579911997,-0.0004769308466864002,0.0004769308466864002,3.6863287889006773,Very Low
0.01,0.0100482078500671,-4.820785006709981e-05,4.820785006709981e-05,0.4820785006709981,Very Low
0.0101064790058555,0.0114988953223336,-0.0013924163164780994,0.0013924163164780994,13.777462117829167,Very Low
0.01,0.0105206078052599,-0.0005206078052598997,0.0005206078052598997,5.206078052598998,Very Low
0.01,0.0099999999999998,1.9949319973733282e-16,1.9949319973733282e-16,1.994931997373328e-12,Very Low
0.01,0.0100451476551561,-4.51476551561001e-05,4.51476551561001e-05,0.45147655156100097,Very Low
0.0624031294610272,0.0483245067894079,0.014078622671619294,0.014078622671619294,22.560763848248758,Very High
0.0267369682340304,0.0251994480549003,0.0015375201791301002,0.0015375201791301002,5.750540471425509,Low
0.01,0.0099999999999998,1.9949319973733282e-16,1.9949319973733282e-16,1.994931997373328e-12,Very Low
0.0164119344629081,0.0127627850380845,0.0036491494248236007,0.0036491494248236007,22.23473066548544,Very Low
0.01,0.011524115536022,-0.0015241155360220006,0.0015241155360220006,15.241155360220004,Very Low
0.01,0.0099999999999998,1.9949319973733282e-16,1.9949319973733282e-16,1.994931997373328e-12,Very Low
0.0231878165063148,0.02115015500638,0.002037661499934798,0.002037661499934798,8.78763854017853,Low
0.0299621530400022,0.0332415151285195,-0.0032793620885172986,0.0032793620885172986,10.945014812984406,Low
0.01,0.0100007956279345,-7.956279344991518e-07,7.956279344991518e-07,0.007956279344991518,Very Low
0.0132378522409907,0.0144565102776166,-0.0012186580366259012,0.0012186580366259012,9.205859186525403,Very Low
0.01,0.0111794338460456,-0.0011794338460456005,0.0011794338460456005,11.794338460456004,Very Low
0.0159276504056087,0.0125186602157362,0.0034089901898725003,0.0034089901898725003,21.402969697728118,Very Low
0.01,0.0109319593661768,-0.0009319593661768003,0.0009319593661768003,9.319593661768003,Very Low
0.01,0.0100031825117387,-3.1825117386991703e-06,3.1825117386991703e-06,0.0318251173869917,Very Low
0.012279931140967,0.0151860964326354,-0.0029061652916684,0.0029061652916684,23.665973842256825,Very Low
0.01,0.0100056556645441,-5.655664544100547e-06,5.655664544100547e-06,0.05655664544100547,Very Low
0.0103335102426475,0.010123209815801,0.0002103004268464992,0.0002103004268464992,2.0351305791382184,Very Low
0.01,0.0099999999999998,1.9949319973733282e-16,1.9949319973733282e-16,1.994931997373328e-12,Very Low
0.0136280850179945,0.0171277470907307,-0.0034996620727361996,0.0034996620727361996,25.679778693156464,Very Low
0.01,0.0099999999999998,1.9949319973733282e-16,1.9949319973733282e-16,1.994931997373328e-12,Very Low
0.0174049346617159,0.0159789586043542,0.0014259760573617011,0.0014259760573617011,8.192941169140353,Very Low
0.01,0.0101281460491524,-0.00012814604915240002,0.00012814604915240002,1.2814604915240002,Very Low
0.0195323610112088,0.0197592917011183,-0.00022693068990950124,0.00022693068990950124,1.1618190436848637,Very Low
0.01,0.0100253829462671,-2.5382946267100276e-05,2.5382946267100276e-05,0.25382946267100276,Very Low
0.01,0.0099999999999998,1.9949319973733282e-16,1.9949319973733282e-16,1.994931997373328e-12,Very Low
0.0132755194684,0.0121132557950144,0.001162263673385601,0.001162263673385601,8.754939316327032,Very Low
0.01,0.0120491639637042,-0.0020491639637041995,0.0020491639637041995,20.491639637041995,Very Low
0.01,0.0099999999999998,1.9949319973733282e-16,1.9949319973733282e-16,1.994931997373328e-12,Very Low
0.0113479300295785,0.0127094991836616,-0.0013615691540831004,0.0013615691540831004,11.998392222494816,Very Low
0.01,0.0109934575985838,-0.0009934575985838003,0.0009934575985838003,9.934575985838002,Very Low
0.01,0.0100287186552786,-2.8718655278599237e-05,2.8718655278599237e-05,0.28718655278599237,Very Low
0.01,0.0115772565843524,-0.0015772565843524006,0.0015772565843524006,15.772565843524006,Very Low
0.01,0.0100156402553469,-1.5640255346898932e-05,1.5640255346898932e-05,0.15640255346898932,Very Low
0.01,0.0138889170875194,-0.0038889170875194,0.0038889170875194,38.889170875194004,Very Low
0.01,0.0101905159353261,-0.00019051593532610003,0.00019051593532610003,1.9051593532610003,Very Low
0.01,0.0099999999999998,1.9949319973733282e-16,1.9949319973733282e-16,1.994931997373328e-12,Very Low
0.01,0.0099999999999998,1.9949319973733282e-16,1.9949319973733282e-16,1.994931997373328e-12,Very Low
0.01,0.0115974436515571,-0.0015974436515571004,0.0015974436515571004,15.974436515571004,Very Low
0.0118179239098589,0.0103463215720405,0.001471602337818399,0.001471602337818399,12.452291528046986,Very Low
0.01,0.0099999999999998,1.9949319973733282e-16,1.9949319973733282e-16,1.994931997373328e-12,Very Low
0.029671868179611,0.0304695833761673,-0.0007977151965562999,0.0007977151965562999,2.6884562567059707,Low
0.0436198610949466,0.0390289309808167,0.0045909301141299,0.0045909301141299,10.524861837906593,Medium
0.01,0.0108137754105754,-0.0008137754105753993,0.0008137754105753993,8.137754105753993,Very Low
0.01,0.0106013484790024,-0.0006013484790024001,0.0006013484790024001,6.013484790024001,Very Low
0.01,0.0108617820020411,-0.0008617820020411001,0.0008617820020411001,8.617820020411001,Very Low
0.01,0.0112464807720055,-0.0012464807720055007,0.0012464807720055007,12.464807720055006,Very Low
0.01,0.0100010376404588,-1.0376404587994492e-06,1.0376404587994492e-06,0.010376404587994492,Very Low
0.0150837928889597,0.0153087997310715,-0.00022500684211180025,0.00022500684211180025,1.4917126200830415,Very Low
0.0140981825987795,0.0142194096048563,-0.00012122700607679858,0.00012122700607679858,0.859876833254333,Very Low
0.01,0.0099999999999998,1.9949319973733282e-16,1.9949319973733282e-16,1.994931997373328e-12,Very Low
0.01,0.0099999999999998,1.9949319973733282e-16,1.9949319973733282e-16,1.994931997373328e-12,Very Low
0.01,0.0105573620393133,-0.0005573620393132996,0.0005573620393132996,5.573620393132996,Very Low
0.01,0.0099999999999998,1.9949319973733282e-16,1.9949319973733282e-16,1.994931997373328e-12,Very Low
0.01,0.010237099104677,-0.000237099104676999,0.000237099104676999,2.37099104676999,Very Low
0.0104179830438216,0.0112257224072723,-0.0008077393634507001,0.0008077393634507001,7.753318085209701,Very Low
0.0108643510306957,0.0165665446782286,-0.0057021936475329,0.0057021936475329,52.485359055705686,Very Low
0.0212318882816922,0.0226320123114925,-0.0014001240298002968,0.0014001240298002968,6.594439511098941,Very Low
0.01,0.0100014603914892,-1.4603914892004355e-06,1.4603914892004355e-06,0.014603914892004355,Very Low
0.012957586727946,0.0127120614814775,0.00024552524646850003,0.00024552524646850003,1.8948377627985977,Very Low
0.0144242816847916,0.0115561373953009,0.0028681442894907,0.0028681442894907,19.884139482070427,Very Low
0.01,0.0099999999999998,1.9949319973733282e-16,1.9949319973733282e-16,1.994931997373328e-12,Very Low
0.017674980022487,0.0162367616916425,0.0014382183308445026,0.0014382183308445026,8.137029456410863,Very Low
0.01,0.0100048063484553,-4.8063484553006325e-06,4.8063484553006325e-06,0.048063484553006325,Very Low
0.01,0.0100087314268255,-8.73142682549996e-06,8.73142682549996e-06,0.0873142682549996,Very Low
0.01,0.0112536378153205,-0.0012536378153205005,0.0012536378153205005,12.536378153205005,Very Low
0.0265612727907044,0.02504739614394,0.0015138766467644033,0.0015138766467644033,5.699563641747664,Low
0.01,0.0099999999999998,1.9949319973733282e-16,1.9949319973733282e-16,1.994931997373328e-12,Very Low
0.01,0.0101028620573711,-0.00010286205737109963,0.00010286205737109963,1.0286205737109964,Very Low
0.01,0.0099999999999998,1.9949319973733282e-16,1.9949319973733282e-16,1.994931997373328e-12,Very Low
0.01,0.0099999999999998,1.9949319973733282e-16,1.9949319973733282e-16,1.994931997373328e-12,Very Low
0.0429304599963272,0.0309444503791029,0.011986009617224298,0.011986009617224298,27.919592797863636,Medium
0.01,0.0099999999999998,1.9949319973733282e-16,1.9949319973733282e-16,1.994931997373328e-12,Very Low
0.0155095089416239,0.0150131440644339,0.0004963648771900003,0.0004963648771900003,3.2003906703833342,Very Low
0.01,0.0100700118309392,-7.001183093919942e-05,7.001183093919942e-05,0.7001183093919943,Very Low
0.01,0.0100087519072819,-8.7519072819002e-06,8.7519072819002e-06,0.08751907281900201,Very Low
0.01,0.0099999999999998,1.9949319973733282e-16,1.9949319973733282e-16,1.994931997373328e-12,Very Low
0.0149682714338482,0.0115722762215311,0.0033959952123171003,0.0033959952123171003,22.6879585082726,Very Low
0.0169519079531741,0.0143587369495258,0.0025931710036483004,0.0025931710036483004,15.29722206380168,Very Low
0.01,0.0100066072020991,-6.607202099100096e-06,6.607202099100096e-06,0.06607202099100096,Very Low
0.01,0.0099999999999998,1.9949319973733282e-16,1.9949319973733282e-16,1.994931997373328e-12,Very Low
0.01,0.0099999999999998,1.9949319973733282e-16,1.9949319973733282e-16,1.994931997373328e-12,Very Low
0.01,0.0107362132689963,-0.0007362132689963004,0.0007362132689963004,7.362132689963004,Very Low
0.01,0.0100081906801514,-8.190680151400412e-06,8.190680151400412e-06,0.08190680151400412,Very Low
0.0224750350699886,0.0222538338181515,0.00022120125183710052,0.00022120125183710052,0.9842087060076509,Very Low
0.01,0.0100341041795219,-3.410417952189916e-05,3.410417952189916e-05,0.3410417952189916,Very Low
0.0119566787007781,0.0130077089982043,-0.0010510302974261997,0.0010510302974261997,8.790319818143162,Very Low
0.0214763504348299,0.024951320160829,-0.003474969725999099,0.003474969725999099,16.180448053983444,Very Low
0.01,0.010380846674871,-0.000380846674871,0.000380846674871,3.8084667487100003,Very Low
0.01,0.010049227457288,-4.922745728799978e-05,4.922745728799978e-05,0.49227457287999776,Very Low
0.01,0.0100151040838279,-1.5104083827899642e-05,1.5104083827899642e-05,0.15104083827899642,Very Low
0.01,0.0099999999999998,1.9949319973733282e-16,1.9949319973733282e-16,1.994931997373328e-12,Very Low
0.01,0.0101122063217609,-0.00011220632176089929,0.00011220632176089929,1.1220632176089929,Very Low
0.01,0.0099999999999998,1.9949319973733282e-16,1.9949319973733282e-16,1.994931997373328e-12,Very Low
0.01,0.0100287870324992,-2.8787032499200116e-05,2.8787032499200116e-05,0.28787032499200116,Very Low
0.01,0.0099999999999998,1.9949319973733282e-16,1.9949319973733282e-16,1.994931997373328e-12,Very Low
0.01,0.010941021659019,-0.0009410216590189993,0.0009410216590189993,9.410216590189993,Very Low
0.0183210741807399,0.0234964798379769,-0.005175405657237002,0.005175405657237002,28.24837455588531,Very Low
0.01,0.0099999999999998,1.9949319973733282e-16,1.9949319973733282e-16,1.994931997373328e-12,Very Low
0.0163021273488895,0.0158504957199351,0.00045163162895439993,0.00045163162895439993,2.7703846209075595,Very Low
0.0112850413659233,0.0142257840844701,-0.0029407427185468,0.0029407427185468,26.058767736791538,Very Low
0.01,0.0099999999999998,1.9949319973733282e-16,1.9949319973733282e-16,1.994931997373328e-12,Very Low
0.01,0.0102547479574495,-0.0002547479574494995,0.0002547479574494995,2.547479574494995,Very Low
0.01,0.0102674374346327,-0.0002674374346327002,0.0002674374346327002,2.674374346327002,Very Low
0.0271776447474506,0.0223391281617932,0.004838516585657399,0.004838516585657399,17.803296167197402,Low
0.01,0.0100097109670159,-9.710967015899227e-06,9.710967015899227e-06,0.09710967015899227,Very Low
0.01,0.0106500809154204,-0.0006500809154204,0.0006500809154204,6.500809154204,Very Low
0.01,0.0099999999999998,1.9949319973733282e-16,1.9949319973733282e-16,1.994931997373328e-12,Very Low
0.01,0.0100452808728884,-4.528087288840042e-05,4.528087288840042e-05,0.45280872888400425,Very Low
0.01,0.0104267685630498,-0.00042676856304980047,0.00042676856304980047,4.267685630498005,Very Low
0.0208984632534683,0.0183155189684944,0.0025829442849739023,0.0025829442849739023,12.359493871135419,Very Low
0.01,0.0099999999999998,1.9949319973733282e-16,1.9949319973733282e-16,1.994931997373328e-12,Very Low
0.01,0.0099999999999998,1.9949319973733282e-16,1.9949319973733282e-16,1.994931997373328e-12,Very Low
0.01,0.0099999999999998,1.9949319973733282e-16,1.9949319973733282e-16,1.994931997373328e-12,Very Low
0.0158367924232158,0.0127538019804391,0.0030829904427767015,0.0030829904427767015,19.4672655951291,Very Low
0.01,0.011526031241226,-0.0015260312412259999,0.0015260312412259999,15.26031241226,Very Low
0.01,0.0100081785825837,-8.178582583699343e-06,8.178582583699343e-06,0.08178582583699343,Very Low
0.01,0.0099999999999998,1.9949319973733282e-16,1.9949319973733282e-16,1.994931997373328e-12,Very Low
0.01,0.0099999999999998,1.9949319973733282e-16,1.9949319973733282e-16,1.994931997373328e-12,Very Low
0.01,0.0105979788176136,-0.0005979788176135991,0.0005979788176135991,5.979788176135991,Very Low
0.01,0.0108828563582519,-0.0008828563582518999,0.0008828563582518999,8.828563582519,Very Low
0.01,0.0102936385873725,-0.0002936385873725002,0.0002936385873725002,2.9363858737250017,Very Low
0.01,0.0099999999999998,1.9949319973733282e-16,1.9949319973733282e-16,1.994931997373328e-12,Very Low
0.0373734422178788,0.035580412631834,0.0017930295860447976,0.0017930295860447976,4.797603537805902,Medium
0.0185658153803731,0.0186302984739613,-6.448309358820029e-05,6.448309358820029e-05,0.34732163531243965,Very Low
0.01,0.0099999999999998,1.9949319973733282e-16,1.9949319973733282e-16,1.994931997373328e-12,Very Low
0.035890185155634,0.0263967290107651,0.009493456144868895,0.009493456144868895,26.45139918811097,Medium
0.01,0.0103435016272652,-0.0003435016272651994,0.0003435016272651994,3.435016272651994,Very Low
0.01,0.0100329758328006,-3.2975832800600374e-05,3.2975832800600374e-05,0.32975832800600374,Very Low
0.01,0.0100862024447157,-8.620244471570053e-05,8.620244471570053e-05,0.8620244471570053,Very Low
0.0308724265795928,0.02865801597267,0.0022144106069228,0.0022144106069228,7.1727779519170145,Low
0.01,0.0110096260498035,-0.0010096260498034994,0.0010096260498034994,10.096260498034994,Very Low
0.0276384741437668,0.0212071721449123,0.0064313019988544995,0.0064313019988544995,23.26938153459867,Low
0.0189614229278729,0.0165833870428356,0.0023780358850372975,0.0023780358850372975,12.541442137982346,Very Low
0.01,0.011538824144946,-0.001538824144945999,0.001538824144945999,15.388241449459992,Very Low
0.01,0.0099999999999998,1.9949319973733282e-16,1.9949319973733282e-16,1.994931997373328e-12,Very Low
0.01,0.0100166687804416,-1.6668780441599432e-05,1.6668780441599432e-05,0.16668780441599432,Very Low
0.0221933996966228,0.0221566117064738,3.6787990149000915e-05,3.6787990149000915e-05,0.16576094988546974,Very Low
0.01,0.0101606128307741,-0.00016061283077409977,0.00016061283077409977,1.6061283077409976,Very Low
0.0144482775758343,0.0114486031893847,0.002999674386449599,0.002999674386449599,20.761467037889368,Very Low
0.0119803645435924,0.0111134590010117,0.0008669055425807003,0.0008669055425807003,7.2360531219758055,Very Low
0.01,0.0099999999999998,1.9949319973733282e-16,1.9949319973733282e-16,1.994931997373328e-12,Very Low
0.01,0.0103586188353403,-0.0003586188353403002,0.0003586188353403002,3.586188353403002,Very Low
0.01,0.0099999999999998,1.9949319973733282e-16,1.9949319973733282e-16,1.994931997373328e-12,Very Low
0.0106043673178412,0.0119844578261915,-0.0013800905083502998,0.0013800905083502998,13.014359716004764,Very Low
0.01,0.0105576731198148,-0.0005576731198148003,0.0005576731198148003,5.5767311981480026,Very Low
0.0303674351734126,0.028158506163204,0.0022089290102085997,0.0022089290102085997,7.274005847364314,Low
0.0251768202294149,0.0223093467652126,0.0028674734642023005,0.0028674734642023005,11.38933923376129,Low
0.0134750824880544,0.0121761946611956,0.0012988878268588005,0.0012988878268588005,9.6391827509053,Very Low
0.0105382598004897,0.0113281139054319,-0.0007898541049422003,0.0007898541049422003,7.495109438329626,Very Low
0.01,0.0099999999999998,1.9949319973733282e-16,1.9949319973733282e-16,1.994931997373328e-12,Very Low
0.0167780742524593,0.019936899590191,-0.0031588253377317008,0.0031588253377317008,18.827103100158745,Very Low
0.01,0.0100151691972996,-1.5169197299599174e-05,1.5169197299599174e-05,0.15169197299599174,Very Low
0.01,0.0103305612521343,-0.0003305612521342996,0.0003305612521342996,3.305612521342996,Very Low
0.0167837384438166,0.0133163504046817,0.0034673880391349002,0.0034673880391349002,20.65921159783291,Very Low
0.0228405253572836,0.017654242270602,0.005186283086681599,0.005186283086681599,22.706496481823475,Low
0.0161363740718612,0.0163426726233544,-0.00020629855149319892,0.00020629855149319892,1.2784690697828132,Very Low
0.01,0.0100035233124589,-3.5233124588991e-06,3.5233124588991e-06,0.035233124588991,Very Low
0.0117384344414672,0.011188235502225,0.0005501989392421996,0.0005501989392421996,4.687157746509761,Very Low
0.0218231539065201,0.0173204128693005,0.0045027410372196,0.0045027410372196,20.632861118549492,Very Low
0.01,0.0100414731217924,-4.147312179239929e-05,4.147312179239929e-05,0.41473121792399287,Very Low
0.01,0.0100034556877548,-3.455687754800457e-06,3.455687754800457e-06,0.03455687754800457,Very Low
0.0121575839411391,0.0127222584620484,-0.0005646745209092995,0.0005646745209092995,4.644627778374134,Very Low
0.01,0.0099999999999998,1.9949319973733282e-16,1.9949319973733282e-16,1.994931997373328e-12,Very Low
0.04339311279497,0.0404966500416665,0.0028964627533034984,0.0028964627533034984,6.674936566521791,Medium
0.0299799964302817,0.0259424944810026,0.004037501949279102,0.004037501949279102,13.467319646512596,Low
0.01,0.0099999999999998,1.9949319973733282e-16,1.9949319973733282e-16,1.994931997373328e-12,Very Low
0.01,0.0100124742613059,-1.247426130589896e-05,1.247426130589896e-05,0.1247426130589896,Very Low
0.01,0.0100083358522667,-8.335852266699861e-06,8.335852266699861e-06,0.08335852266699861,Very Low
0.01,0.0105356682632012,-0.0005356682632012,0.0005356682632012,5.356682632011999,Very Low
0.0196139879644422,0.0216514542644384,-0.0020374662999961997,0.0020374662999961997,10.387822729828738,Very Low
0.0133644711225631,0.0119519918466488,0.0014124792759142996,0.0014124792759142996,10.56891262632627,Very Low
0.01,0.0099999999999998,1.9949319973733282e-16,1.9949319973733282e-16,1.994931997373328e-12,Very Low
0.0160486343727545,0.0168227031188281,-0.0007740687460736015,0.0007740687460736015,4.823268622704279,Very Low
0.01,0.0099999999999998,1.9949319973733282e-16,1.9949319973733282e-16,1.994931997373328e-12,Very Low
0.01,0.0099999999999998,1.9949319973733282e-16,1.9949319973733282e-16,1.994931997373328e-12,Very Low
0.0195250769306171,0.0186119071820793,0.0009131697485377996,0.0009131697485377996,4.6769073012248485,Very Low
0.0139949482356671,0.0141364850934835,-0.0001415368578163989,0.0001415368578163989,1.0113424889681433,Very Low
0.01,0.0100293618265846,-2.9361826584599696e-05,2.9361826584599696e-05,0.29361826584599693,Very Low
0.01,0.0099999999999998,1.9949319973733282e-16,1.9949319973733282e-16,1.994931997373328e-12,Very Low
0.0347692000051964,0.0312286038985995,0.003540596106596898,0.003540596106596898,10.183139405185456,Low
0.0303390418316614,0.0313962002137196,-0.0010571583820581966,0.0010571583820581966,3.484481770795282,Low
0.0200032664023744,0.0206476180510738,-0.0006443516486994011,0.0006443516486994011,3.2212321514796014,Very Low
0.01,0.0100805004146499,-8.05004146499002e-05,8.05004146499002e-05,0.805004146499002,Very Low
0.01,0.0105021477964534,-0.0005021477964533994,0.0005021477964533994,5.021477964533994,Very Low
0.01,0.010462336285027,-0.0004623362850269992,0.0004623362850269992,4.623362850269992,Very Low
0.01,0.01012825247589,-0.00012825247588999986,0.00012825247588999986,1.2825247588999986,Very Low
0.0128236185164477,0.01265885010986,0.00016476840658770017,0.00016476840658770017,1.2848823159887872,Very Low
0.01,0.0114201492770387,-0.0014201492770387,0.0014201492770387,14.201492770387,Very Low
0.0170087373292582,0.0169520278628697,5.6709466388499274e-05,5.6709466388499274e-05,0.3334137348981715,Very Low
0.01,0.0104412047942001,-0.0004412047942001004,0.0004412047942001004,4.412047942001004,Very Low
0.0115387076874087,0.0136241567231192,-0.0020854490357105,0.0020854490357105,18.073506082368215,Very Low
0.01,0.0100240786667323,-2.4078666732299872e-05,2.4078666732299872e-05,0.24078666732299872,Very Low
0.0203777291222175,0.0218570894962621,-0.0014793603740445999,0.0014793603740445999,7.259692015592051,Very Low
0.01,0.0100041523750731,-4.152375073099637e-06,4.152375073099637e-06,0.04152375073099637,Very Low
0.0114377668494551,0.014381684786065,-0.0029439179366098998,0.0029439179366098998,25.738572707050324,Very Low
0.01,0.0100276431841985,-2.7643184198499274e-05,2.7643184198499274e-05,0.2764318419849927,Very Low
0.01,0.0099999999999998,1.9949319973733282e-16,1.9949319973733282e-16,1.994931997373328e-12,Very Low
0.0667842624714991,0.0576448328566743,0.0091394296148248,0.0091394296148248,13.68500493469573,Very High
0.01,0.0110215355005935,-0.0010215355005934994,0.0010215355005934994,10.215355005934994,Very Low
0.01,0.0100278469777157,-2.784697771569984e-05,2.784697771569984e-05,0.2784697771569984,Very Low
0.0215802155892796,0.0192632447924146,0.002316970796864999,0.002316970796864999,10.736550741485642,Very Low
0.0186036964202489,0.0199128760326269,-0.0013091796123779996,0.0013091796123779996,7.037201547500224,Very Low
0.01,0.0099999999999998,1.9949319973733282e-16,1.9949319973733282e-16,1.994931997373328e-12,Very Low
0.01,0.0099999999999998,1.9949319973733282e-16,1.9949319973733282e-16,1.994931997373328e-12,Very Low
0.01,0.0104652956504301,-0.00046529565043009966,0.00046529565043009966,4.652956504300996,Very Low
0.01,0.0099999999999998,1.9949319973733282e-16,1.9949319973733282e-16,1.994931997373328e-12,Very Low
0.01,0.0099999999999998,1.9949319973733282e-16,1.9949319973733282e-16,1.994931997373328e-12,Very Low
0.01,0.0100916502269564,-9.165022695640027e-05,9.165022695640027e-05,0.9165022695640026,Very Low
0.01,0.0104181701798768,-0.0004181701798767999,0.0004181701798767999,4.181701798767999,Very Low
0.01,0.0104905096687444,-0.0004905096687444002,0.0004905096687444002,4.9050966874440025,Very Low
0.0215250304621416,0.0194537689752437,0.0020712614868978983,0.0020712614868978983,9.622571687138144,Very Low
0.01,0.0101106598050709,-0.00011065980507089963,0.00011065980507089963,1.1065980507089963,Very Low
0.01,0.0101233725726066,-0.00012337257260659935,0.00012337257260659935,1.2337257260659935,Very Low
0.0103695913770589,0.0148851195307169,-0.004515528153657999,0.004515528153657999,43.54586395417566,Very Low
0.032598982099683,0.0272794378493726,0.005319544250310396,0.005319544250310396,16.31812991597098,Low
0.01,0.0099999999999998,1.9949319973733282e-16,1.9949319973733282e-16,1.994931997373328e-12,Very Low
0.01,0.0101435077467588,-0.00014350774675879995,0.00014350774675879995,1.4350774675879994,Very Low
0.0218802488591491,0.0209884953455336,0.0008917535136154994,0.0008917535136154994,4.075609557076029,Very Low
0.01,0.0099999999999998,1.9949319973733282e-16,1.9949319973733282e-16,1.994931997373328e-12,Very Low
0.01,0.0100730527588112,-7.305275881120017e-05,7.305275881120017e-05,0.7305275881120017,Very Low
0.0122160253201444,0.0130465582655437,-0.0008305329453992989,0.0008305329453992989,6.798716633549688,Very Low
0.01,0.0100086977292535,-8.69772925349982e-06,8.69772925349982e-06,0.0869772925349982,Very Low
0.0114729517248583,0.0132293074436491,-0.0017563557187907988,0.0017563557187907988,15.308664770072422,Very Low
0.01,0.0103926760658055,-0.00039267606580549973,0.00039267606580549973,3.9267606580549974,Very Low
0.0105535437879332,0.0111159055989171,-0.0005623618109839006,0.0005623618109839006,5.328653789515695,Very Low
0.0285441411481786,0.0260858362475876,0.002458304900590999,0.002458304900590999,8.612292406450154,Low
0.01,0.0100794490816823,-7.944908168230035e-05,7.944908168230035e-05,0.7944908168230035,Very Low
0.01,0.010178281798405,-0.00017828179840499898,0.00017828179840499898,1.7828179840499898,Very Low
0.01,0.0100186097519597,-1.8609751959700396e-05,1.8609751959700396e-05,0.18609751959700396,Very Low
0.01,0.0099999999999998,1.9949319973733282e-16,1.9949319973733282e-16,1.994931997373328e-12,Very Low
0.01,0.0100168048991481,-1.6804899148100197e-05,1.6804899148100197e-05,0.16804899148100197,Very Low
